~が好きだ	--がすきだ	--gasukida	like, be fond of
~が欲しい	--がほしい	--gahoshii	want --
~型	--けい,--かた	--kei,--kata	-- system, -- position
~世名人	--せいめいじん	--seimeijin	-- Lifetime Meijin (hon. title, nowadays awarded after winning the Meijin title five times)
頭	--とう,あたま	--to,atama	head of --
~に応じて	--におうじて	--niojite	in reponse to
~に対して	--にたいして	--nitaishite	against --, in answer to
~様	--よう	--yo	position, shape of --
~落ち	-おち	-ochi	-handicap
~換え	-かえ(がえ)	-kae(gae)	exchange of-
~型	-けい(かた)	-kei(kata)	-formation, -line
~込む	-こむ	-komu	(verb)-in
~式	-しき	-shiki	-systems, -style
~出す	-だす	-dasu	(verb)-out
~丁	-ちょう	-cho	counter for rooks
~取り	-とり	-tori	threat to capture-, fork
~枚	-まい	-mai	counter for pieces
~流	-りゅう	-ryu	-style, -school, way of-
(相)浮飛車	(あい)うきびしゃ	(ai)ukibisha	(Double) Floating Rook
(準)決勝戦	(じゅん)けっしょうせん	(jun)kesshosen	(semi)finals
相掛り	あいがかり	aigakari	Double Wing Attack (opening)
合駒	あいごま	aigoma	interposed piece
相手、敵	あいて,てき	aite,teki	opponent
相振り飛車	あいふりひしゃ	aifurihisha
相振飛車	あいふりびしゃ	aifuribisha	Double Ranging Rook
合	あう;あい	au;ai	interposes any piece (only used in solutions of Tsume Shogi)
上	あがる	agaru	moves up
上がる；上げる	あがる;あげる	agaru;ageru	go up; take, bring up (vi; vt)
明るい、明らかな	あかるい,あきらかな	akarui,akirakana	clear
開き王手	あき-おうて	aki-ote	discovered check
あきらめる	あきらめる	akirameru	give up; resign
悪形	あくけい	akukei	bad shape
悪手	あくしゅ	akushu	bad move
味	あじ	aji	potential (for attack) (lit. flavour, taste)
味消し	あじけし	ajikeshi	elimiating aji
味の良い	あじのよい	ajinoyoi	having good aji
足場	あしば	ashiba	basis, foothold
焦せる	あせる	aseru	be in a hurry, be (too) eager for
遊び駒	あそびごま	asobigoma	idling, inactive piece
遊ぶ	あそぶ	asobu	idle, be out of play
頭金	あたまきん	atamakin	gold at the head (of the king, checkmating)
頭金	あたまきん	atamakin	gold at the head (of the king, checkmating)
当たり	あたり	atari	threat to capture
当たる；当てる	あたる;あてる	ataru;ateru	threaten to take (vi; vt)
厚い	あつい	atsui	thick, solid
圧する	あっする	assuru	apply pressure, oppress, overwhelm
圧迫	あっぱく	appaku	pressure, coercion
厚み、厚味	あつみ	atsumi	thickness (solid shape)
圧力	あつりょく	atsuryoku	pressure
穴	あな	ana	hole
穴熊	あなぐま	anaguma	Bear-in-the-Hole
穴熊	あなぐま	anaguma
穴ふさぎ	あなふさぎ	anafusagi	sealing off the loophole
暴れる	あばれる	abareru	rage, rave
アヒル	あひる	ahiru
浴びる	あびる	abiru	be flooded with
危い	あぶない	abunai	dangerous
アマ, アマチュア	あま,あまちゅあ	ama,amachua	amateur
甘い	あまい	amai	(too) lenient, lax, slack
余される	あまされる	amasareru	be saved, remain
誤った	あやまった	ayamatta	mistaken, wrong
誤る	あやまる	ayamaru	err, mistake
アヤを求める	あやをもとめる	ayaomotomeru	look for a clue, seek complications
争う	あらそう	araso	contend, contest, compete
改める；改まる	あらためる,あらたまる	aratameru,aratamaru	correct, renew (vi; vt)
荒技	あらわざ	arawaza	wild, fierce technique
合わせ駒	あわせごま	awasegoma	opposing piece (pawn)
合わせの歩	あわせのふ	awasenofu	opposing pawn (drop)
合わせる	あわせる	awaseru	oppose (drop a pawn right in front of opponent's pawn)
慌てる	あわてる	awateru	be nervous, panic, hurry
安心	あんしん	anshin	relief
安全地帯	あんぜんちたい	anzenchitai	safety zone
安全な	あんぜんな	anzenna	safe, secure
意	い	i	idea, thought, meaning
いい凌ぎ	いいしのぎ	iishinogi	good endurance, tiding it (the attack) over well
飯島流引き角	いいじまりゅうひきかく	iijimaryuhikikaku
いい勝負	いいしょうぶ	iishobu	a good game, equal chances
居角	いかく	ikaku	static bishop
居角左美濃	いかくひだりみの	ikakuhidarimino
活かす、生かす	いかす	ikasu	revive (e.g. aji)
生きてくる	いきてくる	ikitekuru	come to live, become effective, be activated
いき場	いきば	ikiba	place to go to
居玉	いぎょく	igyoku	sitting king, sitting duck
行く	いく	iku	go
意見	いけん	iken	opinion
移行する	いこうする	ikosuru	switch over (to)
意志	いし	ishi	will
意地	いじ	iji	will-power, perseverance
石田流三間飛車	いしだりゅうさんけんびしゃ	ishidaryusankembisha
石田流本組	いしだりゅうほんぐみ	ishidaryuhongumi	plenary ishida (style) formation
石田流升田式	いしだりゅうますだしき	ishidaryumasudashiki	Masuda Style Ishida (System)
いじめる	いじめる	ijimeru	tease, bully
急しい、忙しい	いそがしい	isogashii	hasty
急がせる	いそがせる	isogaseru	hurry (somebody), press
急ぐ、急す	いそぐ,せかす	isogu,sekasu	hurry, make haste
痛い	いたい	itai	painful
位地、位置	いち	ichi	position
一,二位	いちい、にい	ichii、nii	first, second place
一助	いちじょ	ichijo	a support
一次予戦	いちじよせん	ichijiyosen	the first (elimination) round
一筋~九筋	いちすじ-きゅうすじ	ichisuji-kyusuji	1st file - 9th file
一打	いちだ	ichida	a blow, a drop
一段落	いちだん-らく	ichidan-raku	a pause
一段目~九段目	いちだんめ-きゅうだんめ	ichidamme-kyudamme	1st rank - 9th rank
一利一害	いちりいちがい	ichiriichigai	advantages and disadvantages
逸機	いっき	ikki	missed chance, missed opportunity
一級~九級	いっきゅう-きゅうきゅう	ikkyu-kyukyu	1st-9th kyu (player) (lower grades)
一間飛車	いっけんびしゃ	ikkembisha
逸する	いっする	issuru	miss
一直線	いっちょくせん	itchokusen	one straight line
一手	いって	itte	a move; the only move; one tempo
一手一手	いっていって	itteitte	move-by-move (endgame)
一手スキ	いってすき	ittesuki	one move (tempo) breathing space (endgame)
一手損角換り	いってぞんかくがわり	ittezonkakugawari
一発、一弾	いっぱつ,いちだん	ippatsu,ichidan	a shot, a charge
一分将棋	いっぷんしょうぎ	ippunshogi	one minute Shogi (having only one minute left for each move)
一本道	いっぽんみち	ippommichi	one straight way
意図、企図	いと,きと	ito,kito	plan
伊藤看寿	いとうかんじゅ	itokanju	Ito Kanju
糸口、アヤ	いとぐち,あや	itoguchi,aya	clue
糸谷流右玉	いとだにりゅうみぎぎょく	itodaniryumigigyoku
挑む	いどむ	idomu	challenge
田舎流	いなかりゅう	inakaryu	boorish style
稲庭	いなにわ	inaniwa
命取の	いのちとりの	inochitorino	fatal
威迫、威嚇	いはく,いかく	ihaku,ikaku	threat
威張る	いばる	ibaru	be proud, swagger
居飛車	いびしゃ	ibisha	Static Rook
居飛車穴熊	いびしゃあなぐま	ibishaanaguma	Static Rook Bear-in-the-hole
居飛車穴熊	いびしゃあなぐま	ibishaanaguma
意表	いひょう	ihyo	surprise (n)
意表をつく	いひょうをつく	ihyotsuku	surprise (v)
いびる	いびる	ibiru	tease
意味	いみ	imi	meaning
イヤな、嫌いな	いやな,きらいな	iyana,kiraina	unpleasant
イヤ（嫌）な味	いやなあじ	iyanaaji	unpleasant, nasty aji
嫌味	いやみ	iyami	unpleasant, nasty aji
威力	いりょく	iryoku	power, might, influence
居る	いる	iru	remain, stay
要る、要する	いる,ようする	iru,yosuru	need, be necessary
うかつな	うかつな	ukatsuna	careless, silly
受かる	うかる	ukaru	be able to defend
浮き駒	うきごま	ukigoma	loose piece, floating piece
浮き駒	うきごま	ukigoma	floating piece
うき目	うきめ	ukime	misery, misfortune
うき目を見る	うきめをみる	ukimeomiru	have trouble
浮く	うく	uku	float, stand loose
受け	うけ	uke	defence
受け方	うけかた	ukekata	the way to defend
受けなし	うけなし	ukenashi	there is no defence
受け身になる	うけみになる	ukemininaru	be pushed into the defensive
受け身の態勢	うけみのたいせい	ukeminotaisei	defensive position
受ける	うける	ukeru	defend; parry
動き	うごき	ugoki	move(ment); action
動く	うごく	ugoku	move; come into action
失う	うしなう	ushinau	lose
薄い、手薄い	うすい,てうすい	usui,teusui	thin, not solid (also: scarce, short of)
薄れる	うすれる	usureru	become thin, become weaker
ウソ矢倉	うそやぐら	usoyagura
疑う	うたがう	utagau	doubt
疑わしい	うたがわしい	utagawashii	doubtful, dubious
打	うち	uchi	drops
打ち	うち	uchi	drop (n)
打ち切る	うちきる	uchikiru	end, close, discontinue
打ち砕く	うちくだく	uchikudaku	smash, crush
打ち込む	うちこむ	uchikomu	drop inside the promotion zone, invade
打ち込む	うちこむ	uchikomu	invade; drop inside the promotionzone
打ち据える	うちすえる	uchisueru	drop
内弟子	うちでし	uchideshi	private pupil (living in)
討ち取る	うちとる	uchitoru	take
打歩詰み	うちふづみ	uchifuzumi	mate with pawn drop (illegal)
打ち破る	うちやぶる	uchiyaburu	destroy
撃つ	うつ	utsu	attack, destroy
打つ	うつ	utsu	drop
ウッチャリ	うっちゃり	utchari	reversal (at the last moment)
移る；移す	うつる;うつす	utsuru;utsusu	shift, transfer (vi; vt)
奪う	うばう	ubau	take away
うまい	うまい	umai	skillful, good
うまくいかない	うまくいかない	umakuikanai	is not skillful, won't do
右翼	うよく	uyoku	right flank
うるさい	うるさい	urusai	irritating, annoying
嬉野流	うれしのりゅう	ureshinoryu	Ureshino style
上手	うわて	uwate	handicap giver
A級順位戦	ええきゅうじゅんいせん	eekyujunisen	A-class Ranking Match
エサ（餌）	えさ	esa	bait, lure(n)
エジキ（餌食）	えじき	ejiki	prey, victim
NHK杯争奪戦	えぬえいちけいはいそうだつせん	enueichikeihaisodatsusen	NHK (Nihon Hoosoo Kai) Cup (1951)
得る	える	eru	get, gain
エルモ	えるも	erumo	elmo
エルモ囲い	えるもかごい	erumokagoi	elmo castle
エルモ急戦	えるもきゅうせん	erumokyusen
援軍を送る	えんぐんをおくる	engunokuru	send support troops
遠見の角	えんみのかく	emminokaku	watchtower bishop
お好み対局	お-このみたいきょく	o-konomitaikyoku	friendly game
追い討ち	おいうち	oiuchi	pursuit, attack
追い出す、追いやる	おいだす,おいやる	oidasu,oiyaru	chase off
追い出す；追いやる	おいだす;おいやる	oidasu;oiyaru	chase off
追い回す	おいまわす	oimawasu	chase around
追う	おう	o	chase, follow, pursue
追う	おう	o	pursue, chase (away, off)
追う、追いかける	おう,おいかける	o,oikakeru	chase, pursue
王位戦	おういせん	oisen	-1960
王座戦	おうざせん	ozasen	-1953
応手	おうしゅ	oshu	answer
王将、王	おうしょう,おう	osho,o	king
王将戦	おうしょうせん	oshosen	-1950
応じる；応える	おうじる,こたえる	ojiru,kotaeru	answer, respond
応戦する	おうせんする	osensuru	accept the challenge
応対する	おうたいする	otaisuru	deal with, respond to
王手	おうて	ote	check
王手飛車	おうてびしゃ	otebisha	fork on king and rook
王様	おうよう	oyo	position of the king, the king's formation
大きい	おおきい	okii	big
大駒	おおごま	ogoma	major pieces (rook and bishop)
大山美濃	おおやまみの	oyamamino
おかしい形	おかしいかたち	okashiikatachi	funny (ridiculous) shape
犯す	おかす	okasu	commit (a mistake)
置駒、盤駒	おきごま,ばんごま	okigoma,bangoma	pieces on the board
臆病な	おくびょうな	okubyona	cowardish, timid
遅らせる	おくらせる	okuraseru	defer, delay
送りの金	おくりのきん	okurinokin	send-off gold
遅れる	おくれる	okureru	be (too) late, be slow
怠る	おこたる	okotaru	neglect, be off guard
お好み対局	おこのみたいきょく	okonomitaikyoku	friendly game
押え込む	おさえこむ	osaekomu	restrain, suppress
押える(抑える)	おさえる	osaeru	restrain, contain, hold down, constrain (opposite of sabaku)
治まる	おさまる	osamaru	become settled, fixed
収まる	おさまる	osamaru	be satisfied
押し返す	おしかえす	oshikaesu	push back
押し込む	おしこむ	oshikomu	restrain, shut up in, push down in
押し潰す	おしつぶす	oshitsubusu	crush
押し戻す	おしもどす	oshimodosu	push back
遅い	おそい	osoi	slow, late
襲い掛かる	おそいかかる	osoikakaru	rush on, swoop down on
襲う	おそう	oso	attack
恐れる	おそれる	osoreru	fear
恐ろしい	おそろしい	osoroshii	frightening
穏やかな	おだやかな	odayakana	calm
落ち着いた	おちついた	ochitsuita	calm, quiet
落ちる；落とす	おちる;おとす	ochiru;otosu	come down; bring down (vi; vt)
弟弟子	おとうとでし	ototodeshi	younger pupil
威し、脅し	おどし	odoshi	threat, bluff
落し穴	おとしあな	otoshiana	trap, pitfall
陥れる	おとしいれる	otoshiireru	ensnare, fall into a trap
威す、脅す	おどす	odosu	threaten
おとなしい	おとなしい	otonashii	calm (mature)
劣る	おとる	otoru	be worse
驚く	おどろく	odoroku	be surprised, frightened
同じの	おなじの	onajino	the same
鬼殺し	おにごろし	onigoroshi	Demon Killer
鬼殺し	おにごろし	onigoroshi
鬼殺し封じ	おにごろしふうじ	onigoroshifuji	Demon Killer Block
脅かす	おびやかす	obiyakasu	threaten, force
重い	おもい(おもたい)	omoi(omotai)	heavy (clumsy)
思い切った	おもいきった	omoikitta	determined, bold, drastic
思い出す	おもいだす	omoidasu	remember
思い出	おもいで	omoide	memory, remembrance
思う	おもう	omo	think, have the opinion that
面白い	おもしろい	omoshiroi	interesting, favorable
下ろす	おろす	orosu	bring, pull down
終る	おわる	owaru	end
害、被害	がい,ひがい	gai,higai	damage (n)
開始	かいし	kaishi	start, begin
会心譜	かいしんふ	kaishinfu	favourite game
解説	かいせつ	kaisetsu	explanation
解説	かいせつ	kaisetsu	explanation, commentary
開戦	かいせん	kaisen	start of the fight
解答	かいとう	kaito	answer, solution
回避	かいひ	kaihi	evasion, avoiding, dodging
回避する	かいひする	kaihisuru	avoid, dodge
替える、代える	かえる	kaeru	exchange; change; substitute
代える	かえる	kaeru	exchange, substitute
かかる；かける	かかる;かける	kakaru;kakeru	place, start, attack, move (vi; vt)
果敢な	かかんな	kakanna	bold, resolute
角換り	かくがわり	kakugawari	Bishop Exchange
角換り	かくがわり	kakugawari
角行、角	かくぎょう,かく	kakugyo,kaku	Bishop
角切り	かくきり	kakukiri	exchanging the bishop for a minor piece
覚悟	かくご	kakugo	insight, expectation, resignation
角交換振り飛車	かくこうかんふりびしゃ	kakukokanfuribisha
角筋、角道	かくすじ,かくみち	kakusuji,kakumichi	bishop`s diagonal
角頭	かくとう	kakuto	head of the bishop
角頭歩	かくとうふ	kakutofu
角頭歩突き	かくとうふづき	kakutofuzuki	Bishop`s Head Pawn Push
確保する	かくほする	kakuhosuru	secure, maintain, ensure
角道オープン四間飛車	かくみちおーぷんしけんびしゃ	kakumichioーpunshikembisha
囲う	かこう	kako	enclose, castle
風車	かざぐるま	kazaguruma
重ね打ち	かさねうち	kasaneuchi	drop-on-top
重ねの香	かさねのきょう	kasanenokyo	piled-up lances
飾り駒	かざりごま	kazarigoma	embellishing pieces (without function in the mating sequence)
掠め取る	かすめとる	kasumetoru	take away, pocket
風車	かぜぐるま	kazeguruma	Windmill
方、方面	かた,ほうめん	kata,homen	direction
堅い、手固い	かたい,てがたい	katai,tegatai	solid, strong
形	かたち	katachi	(good) shape; formation, position
形作り	かたちずくり	katachizukuri	settling the shape, finding a place to resign
形作り	かたちずくり	katachizukuri	settling the shape, finding a place to resign
片美濃	かたみの	katamino	Incomplete Mino
片美濃囲い	かたみのがこい	kataminogakoi
固める；堅める	かためる	katameru	strengthen, stabilize
片矢倉	かたやぐら	katayagura	Incomplete Yagura
勝ち、勝利	かち,しょうり	kachi,shori	victory
勝星	かちぼし	kachiboshi	winning mark (O in the table of results)
勝目（なし）	かちめ(なし)	kachime(nashi)	(there are no) chances of winning
勝つ	かつ	katsu	win
合作	がっさく	gassaku	cooperation
ガッチャン銀	がっちゃんぎん	gatchangin	Clanging Silvers
活動する	かつどうする	katsudosuru	activate, deploy
活躍する	かつやくする	katsuyakusuru	activate, bring into play
活用する	かつようする	katsuyosuru	activate, bring into play
桂	かつら	katsura	Japanese Judas tree (Cercidiphyllum Jap.)
カド番	かど-ばん	kado-ban	match point
加藤流	かとうりゅう	katoryu
かなめ(要)	かなめ	kaname	rivet (critical point)
カニ囲い	かにがこい	kanigakoi	Crab Castle
カニカニ金	かにかにきん	kanikanikin
カニカニ銀	かにかにぎん	kanikanigin	Crab Silver
兼ね合い、均衡	かねあい,きんこう	kaneai,kinko	balance
不可能になる	かのうになる	kanoninaru	become impossible
下部	かぶ	kabu	lower part
壁金(銀)	かべきん(ぎん)	kabekin(gin)	wall gold (silver)
かまいたち	かまいたち	kamaitachi
構う	かまう	kamau	care about, pay attention to
構える	かまえる	kamaeru	build up
我慢	がまん	gaman	patience, endurance
我慢強い	がまんづよい	gamanzuyoi	patient
カメレオン戦法	かめれおんせんぽう	kamereonsempo
かや	かや	kaya	kaya (Torreya nucifera)
カラ成り（空成り）	からなり	karanari	empty promotion (not capturing a piece)
からめて	からめて	karamete	from the rear, from behind
我流	がりゅう	garyu	one's own way (depreciatory)
軽い	かるい	karui	light,lightweight
かわす	かわす	kawasu	avoid, dodge
換わり	かわり	kawari	exchange (n)
換わる；換える	かわる;かえる	kawaru;kaeru	exchange (pieces or moves) (vi; vt)
変わる；変える	かわる;かえる	kawaru;kaeru	change, play a variation (vi; vt)
考える	かんがえる	kangaeru	think (about), consider
感覚	かんかく	kankaku	feeling, sensation
雁木	がんぎ	gangi	Snowroof
緩手	かんしゅ	kanshu	slack, weak move
完勝	かんしょう	kansho	complete victory
感じる	かんじる	kanjiru	feel, sense, have the impression that
感心	かんしん	kanshin	admiration, wonder
肝心な	かんじんな	kanjinna	essential
完成する	かんせいする	kanseisuru	(make) complete
観戦記	かんせんき	kansenki	commentary of other's game
完全作	かんぜんさく	kanzensaku	complete (indefective) problem
感想	かんそう	kanso	impression
感想戦	かんそうせん	kansosen	post mortem
簡単な	かんたんな	kantanna	easy. simple
感動	かんどう	kando	impression, emotion
敢闘賞	かんとうしょう	kantosho	Award for Fighting Spirit
頑張る	がんばる	gambaru	do one's best, persist, do not resign (against all the odds)
完封	かんぷう	kampu	blockade
冠	かんむり	kammuri	crown, major title
肝要な	かんような	kanyona	necessary
陥落	かんらく	kanraku	degradation; fall; defeat
完了する	かんりょうする	kanryosuru	(make) complete
気	き	ki	mind, mood, spirit
機、機会	き,きかい	ki,kikai	chance
気合い	きあい	kiai	feeling, temper
気合い抜け	きあいぬけ	kiainuke	discouragement
消える；消す	きえる;けす	kieru;kesu	disappear, go away; make disappear, neutralize (bad aji) (vi; vt)
棋王戦	きおうせん	kiosen	-1974
棋界	きかい	kikai	the Shogi world
利かし	きかし	kikashi	forcing move
利かす	きかす	kikasu	force, effectuate
気がつく	きがつく	kigatsuku	be aware of, notice
気が抜ける	きがぬける	kiganukeru	be discouraged
危機	きき	kiki	crisis, emergency
効き目	ききめ	kikime	effectivity, acting on
利く(効く)	きく	kiku	act on, bear down on; work, be effective
棋具	きぐ	kigu	playing equipment
菊水矢倉	きくすいやぐら	kikusuiyagura
危険	きけん	kiken	danger
危険地帯	きけんちたい	kikenchitai	danger zone
危険な	きけんな	kikenna	dangerous
棋士	きし	kishi	Shogi player (pro)
起死回生	きしかいせい	kishikaisei	revival
奇手	きしゅ	kishu	strange (dubious) move; surprise move
鬼手	きしゅ	kishu	devilish move
奇襲	きしゅう	kishu	surprise attack
奇襲	きしゅう	kishu	surprise attack
技術	ぎじゅつ	gijutsu	art; technique; skill
キズ(傷)	きず	kizu	weakness, defect, flaw
築く	きずく	kizuku	build
棋勢、形成	きせい,けいせい	kisei,keisei	position
棋聖戦	きせいせん	kiseisen	(Fall 1962)
ギセイ（犠牲）にする	ぎせいにする	giseinisuru	make a sacrifice
犠打	ぎだ	gida	sacrifice drop
基地	きち	kichi	basis
棋敵	きてき	kiteki	opponent
気にする	きにする	kinisuru	mind, care, take to heart
気になる	きになる	kininaru	weigh on the mind, get on one`s nerves
技能賞	ぎのうしょう	ginosho	Award for Technique
厳しい	きびしい	kibishii	severe
忌避する	きひする	kihisuru	avoid, dodge
機敏な	きびんな	kibinna	shrewd, clever
棋譜	きふ	kifu	game record
棋風	きふう	kifu	Shogi style
希望、待望	きぼう,たいぼう	kibo,taibo	hope, expectation
基本形	きほんかたち	kihonkatachi	basic position
基本図	きほんず	kihonzu	basic diagram
決まる；決める	きまる;きめる	kimaru;kimeru	be decided, be fixed; decide, settle, fix (vi; vt)
木村美濃	きむらみの	kimuramino	Kimura's Mino
木村美濃	きむらみの	kimuramino
きｍきｍ金	きもきもきん	kimokimokin
気持	きもち	kimochi	feeling, mood
疑問手	ぎもんしゅ	gimonshu	dubious (bad) move
疑問の	ぎもんの	gimonno	dubious, questionable
逆襲	ぎゃくしゅう	gyakushu	counter attack
逆先	ぎゃくせん	gyakusen	winning back the initiative
逆転	ぎゃくてん	gyakuten	(sudden) reversal, turnover (of an advantageous position in a disadvantageous position by a mistake in the late middle-game or end-game)
逆棒銀	ぎゃくぼうぎん	gyakubogin
逆美濃	ぎゃくみの	gyakumino	Reverse Mino
逆用	ぎゃくようする	gyakuyosuru	use against
級	きゅう	kyu	kyu (lower grade)
窮屈する	きゅうくつする	kyukutsusuru	be cramped
救出	きゅうしゅつ	kyushutsu	rescue, deliverance
急所	きゅうしょ	kyusho	vital point
窮する	きゅうする	kyusuru	be cornered; suffer
急戦	きゅうせん	kyusen	quick attack, early fight
急戦矢倉	きゅうせんやぐら	kyusenyagura	Quick Attack Yagura
窮地	きゅうち	kyuchi	dilemma, predicament
旧２４手組	きゅうにじゅうよんてぐみ	kyunijuyontegumi
急務	きゅうむ	kyumu	urgent task, first priority
窮余の策	きゅうよのさく	kyuyonosaku	the last (desperate) resort
脅い	きょうい	kyoi	threat
強化する	きょうかする	kyokasuru	strengthen
香車、香	きょうしゃ,きょう	kyosha,kyo	Lance
強手	きょうしゅ	kyoshu	forcing move; strong move
強襲	きょうしゅう	kyoshu	assault, storming
競争	きょうそう	kyoso	competition, contest
脇息	きょうそく	kyosoku	armrest
恐怖	きょうふ	kyofu	fear
強要する	きょうようする	kyoyosuru	enforce, coerce
協力	きょうりょく	kyoryoku	cooperation
局、対局	きょく,たいきょく	kyoku,taikyoku	game
玉方、受方	ぎょくがた,うけかた	gyokugata,ukekata	the king's side, defending side
玉将、玉	ぎょくしょう,ぎょく	gyokusho,gyoku	king
曲詰	きょくずめ	kyokuzume	mate composition
曲線	きょくせん	kyokusen	curved lines
玉頭	ぎょくとう	gyokuto	head of the king
玉頭位取り	ぎょくとうくらいどり	gyokutokuraidori	King`s Head Vanguard Pawn
玉のフトコロ	ぎょくのふところ	gyokunofutokoro	the king's bosom (free space around the king)
局面、局勢	きょくめん,きょくせい	kyokumen,kyokusei	position
玉を囲う	ぎょくをかこう	gyokuokako	castle the king
玉を入城する	ぎょくをにゅうじょうする	gyokuonyujosuru	bring the king inside the castle
拠点	きょてん	kyoten	basis (for attack)
拒否する	きょひする	kyohisuru	refuse, reject
嫌う	きらう	kirau	dislike
棋理	きり	kiri	Shogi theory
切り返し	きりかえし	kirikaeshi	switch back, rebound (n)
棋力	きりょく	kiryoku	Shogi strength
斬る	きる	kiru	kill
切る	きる	kiru	sacrifice, exchange, get (own piece) out of the way
綺麗な	きれいな	kireina	nice, pretty
切れ筋	きれすじ	kiresuji	failed move, failed tactics
岐路	きろ	kiro	crossroads
記録係	きろくがかり	kirokugakari	person in charge of the game record
際どい	きわどい	kiwadoi	narrow, close; dangerous, adventurous
気をつける	きをつける	kiotsukeru	be attentive of, take care of
銀冠	ぎんかんむり	ginkammuri	Silver Crown
銀冠穴熊	ぎんかんむりあなぐま	ginkammurianaguma	Silver Crown Bear-in-the-Hole
錦旗	きんき	kinki	imperial standard
金銀図式	きんぎんずしき	kinginzushiki	Gold and Silver Problem
禁手	きんじて	kinjite	illegal move
金将、金	きんしょう,きん	kinsho,kin	Gold
銀将、銀	ぎんしょう,ぎん	ginsho,gin	Silver
金底の歩	きんぞこのふ	kinzokonofu	pawn-anchored gold
銀立ち矢倉	ぎんたちやぐら	gintachiyagura	High Silver Yagura
銀多伝	ぎんたでん	gintaden	Silver Tandem
金頭の桂	きんとうのけい	kintonokei	knight (sacrifice) at the head of the gold
銀バサミ(挟み)	ぎんばさみ	gimbasami	silver pincer
金開き	きんびらき	kimbiraki	Spread-out Golds
金美濃	きんみの	kimmino	Gold Mino
銀美濃	ぎんみの	gimmino	Silver Mino
金矢倉	きんやぐら	kinyagura	Gold Yagura (Common Yagura)
銀矢倉	ぎんやぐら	ginyagura	Silver Yagura
食いつく	くいつく	kuitsuku	fasten one's teeth on
食う、喫する	くう,きっする	ku,kissuru	get blows, have to swallow
空間	くうかん	kukan	empty square(s), space
空中戦	くうちゅうせん	kuchusen	Aereal Fight
釘付けにする	くぎづけにする	kugizukenisuru	pin down, tie down
釘を打つ	くぎをうつ	kugiotsu	pin down (lit. pound in a nail)
クサビを打ち込む	くさびおうちこむ	kusabiochikomu	drive in a wedge
鎖鎌銀	くさりかまぎん	kusarikamagin	Sickle-and-chain Silver
苦心	くしん	kushin	trouble, toils, pains
ぐずぐずできない	ぐずぐずできない	guzuguzudekinai	one cannot be irresolute, one should not lose time
ぐずぐずな	ぐずぐずな	guzuguzuna	irresolute, wavering, slow
崩す	くずす	kuzusu	demolish
苦戦	くせん	kusen	hard, difficult game
くだらない	くだらない	kudaranai	worthless
降る；降す	くだる;くだす	kudaru;kudasu	surrender; defeat (vi; vt)
工夫	くふうする	kufusuru	contrive, think of (a new plan, a new move)
区別(-)	くべつ	kubetsu	difference
組上がる	くみあがる	kumiagaru	build up, develop (vi)
組み合わせる	くみあわせる	kumiawaseru	combine, dovetail, join together
組み立てる	くみたてる	kumitateru	build up, erect
組み直す	くみなおす	kuminaosu	rearrange, reposition
組む	くむ	kumu	build, arrange
口悔しい	くやしい	kuyashii	frustrating, regrettable
悔やむ	くやむ	kuyamu	regret
位	くらい	kurai	vanguard pawn (position)
位を張る	くらいをはる	kuraioharu	take up a vanguard position
比べる；較べる	くらべる	kuraberu	compare
繰り出す	くりだす	kuridasu	send out (a general)
来る	くる	kuru	come
苦しい	くるしい	kurushii	painful, hard, strained
迎撃	げいげき	geigeki	ambush
桂先の銀	けいさきのぎん	keisakinogin	silver at the head of the knight
軽視する	けいしする	keishisuru	slight, ignore, neglect
軽手	けいしゅ	keishu	light move
形勢判断	けいせいはんだん	keiseihandan	positional judgement
継続	けいぞく	keizoku	continuation
軽率な	けいそつな	keisotsuna	rash, hasty
芸当	げいとう	geito	art; feat
桂馬、桂	けいま,けい	keima,kei	Knight
軽妙な	けいみょうな	keimyona	smart
激闘	げきとう	gekito	hard fight
激突	げきとつ	gekitotsu	clash, collision
下段	げだん	gedan	back rank
下段飛車	げだんびしゃ	gedambisha	Back Rank Rook
結果	けっか	kekka	result, effect
結果論	けっかろん	kekkaron	discussion about results; post-mortem
欠陥	けっかん	kekkan	weakness, insufficiency
決心	けっしん	kesshin	determination, resolution
決する	けっする	kessuru	decide, judge, settle
決戦	けっせん	kessen	decisive fight
欠点	けってん	ketten	weakness
結論	けつろん	ketsuron	conclusion
煙詰	けむりづめ	kemurizume	Smoke Tsume
けんか(-)	けんか	kenka	fight, quarrel
研究	けんきゅう	kenkyu	investigation
原始中飛車	げんしなかびしゃ	genshinakabisha	Primitive Central Rook
原始棒銀	げんしぼうぎん	genshibogin	Primitive Climbing Silver
牽制する	けんせいする	kenseisuru	check, restrain, constrain
検討	けんとう	kento	investigation, experiment
源平	げんぺい	gempei	genpei (genji and heike; (name black; promotion name red)
懸命な	けんめいの	kemmeino	desperate, eager
後悔	こうかい	kokai	regret (n)
公開対局	こうかいたいきょく	kokaitaikyoku	public game
交換	こうかん	kokan	exchange (n)
好機に	こうきに	kokini	at the right moment, when the opportunity arrives
降級	こうきゅう	kokyu	degradation
好形、良い形	こうけい,よいかたち	kokei,yoikatachi	good shape
好型を崩す歩	こうけいをくずすふ	kokeiokuzusufu	pawn demolishing the good shape (e.g. shooten no fu)
公式棋戦	こうしききせん	koshikikisen	formal (title) match
好手	こうしゅ	koshu	good move
巧手	こうしゅ	koshu	ingenious move
攻手	こうしゅ	koshu	attacking move
攻勢	こうせい	kosei	the offensive, attacking formation
功績	こうせき	koseki	success, merit, achievement
構想型詰	こうそうけいつめ	kosokeitsume	ideal type problem (opp. of actual game type)
後退	こうたい	kotai	retreat
後退する	こうたいする	kotaisuru	retreat
好調に	こうちょうに	kochoni	favourably, smoothly
行動	こうどう	kodo	movements, action
高等戦術	こうとうせんじゅつ	kotosenjutsu	higher strategy
降伏(-)	こうふく	kofuku	resignation
攻防	こうぼう	kobo	attack and defence
候補手	こうほて	kohote	candidate moves
巧妙な	こうみょうな	komyona	ingenious
攻略	こうりゃく	koryaku	invasion, capture
コーヤン流	こーやんりゅう	koーyanryu
互角	ごかく	gokaku	equal, balanced
ゴキゲン中飛車	ごきげんなかひしゃ	gokigennakahisha
小刻み	こきざみ	kokizami	mincing, choppping into little pieces
小駒	こごま	kogoma	minor pieces
小駒図式	こごまずしき	kogomazushiki	Minor Pieces Problem
心強い	こころづよい	kokorozuyoi	encouraging
古作物	こさくぶつ	kosakubutsu	ancient problem (usually without known author)
誤算	ごさん	gosan	miscalculation
腰掛銀	こしかけぎん	koshikakegin	Reclining Silver
5筋位取り	ごすじくらいどり	gosujikuraidori	Central Vanguard Pawn
５筋位取り	ごすじくらいどり	gosujikuraidori
ごちゃごちゃする	ごちゃごちゃする	gochagochasuru	make into a mess, jumble up
コツ	こつ	kotsu	knack, special skill
後手	ごて	gote	White; gote, giving the initiative to the opponent
古典図式	こてんずしき	kotenzushiki	classic problem
異なる	ことなる	kotonaru	differ from; be wrong
断る、断つ	ことわる,たつ	kotowaru,tatsu	cut off; refuse, decline
好む	このむ	konomu	like
小ビン	こびん	kobin	ears (lit. side locks)
駒	こま	koma	piece(s)
駒落戦	こま'おちせん	koma'ochisen	handicap game
駒余り	こまあまり	komaamari
駒配り	こまくばり	komakubari	startposition of the pieces
駒師	こまし	komashi	master woodworker
駒台	こまだい	komadai	stand
駒得	こまどく	komadoku	material advantage
駒箱	こまばこ	komabako	box for pieces
駒袋	こまぶくろ	komabukuro	bag for pieces
駒銘	こまめい	komamei	signature of artisan (at the side of the king)
困まる	こまる	komaru	have trouble
困る	こまる	komaru	have problems, be in trouble
駒割	こまわり	komawari	balance of material
コメカミ	こめかみ	komekami	the temple
凝り形	こりかたち	korikatachi	stiff, inflexible, overconcentrated shape
孤立した駒	こりつしたこま	koritsushitakoma	isolated piece
これからの将棋	これからのしょうぎ	korekaranoshogi	equal position
殺す	ころす	korosu	kill
怖い	こわい	kowai	fearful, frightening
怖い	こわい	kowai	frightening, fearful
怖がる	こわがる	kowagaru	fear
こわれる；こわす	こわれる;こわす	kowareru;kowasu	break, destroy (vi; vt)
困難	こんなん	konnan	trouble
混乱	こんらん	konran	chaos, confusion
差	さ	sa	difference
再掲図	さいけいず	saikeizu	repeat diagram
最善手	さいぜんしゅ	saizenshu	the best move
催促する	さいそくする	saisokusuru	press for, urge on, speed up
最優秀棋士賞	さいゆうしゅうきししょう	saiyushukishisho	Award for the Best Player of the Year
遮る	さえぎる	saegiru	interrupt, block
坂田流向飛車	さかたりゅうむかいびしゃ	sakataryumukaibisha
下がる；下げる	さがる;さげる	sagaru;sageru	go down; bring down (vi; vt)
先受	さきうけ	sakiuke	defence in advance
鷺宮定跡	さぎのみやじょうせき	saginomiyajoseki	Heron Palace Joseki
策	さく	saku	plan, stratagem
作意	さくい	sakui	the intended mating sequence
作者	さくしゃ	sakusha	maker, author
作戦、策戦	さくせん	sakusen	strategy
作戦勝ち	さくせんかち	sakusenkachi	strategical victory
作戦負け	さくせんまけ	sakusemmake	strategical loss
作品、創作	さくひん,そうさく	sakuhin,sosaku	work, product, creation
探る	さぐる	saguru	investigate
避ける	さける,よける	sakeru,yokeru	avoid, evade
支え切れない	ささえきれない	sasaekirenai	cannot be saved
支える	ささえる	sasaeru	support
指し方	さしかた	sashikata	way of playing
指し切り	さしきり	sashikiri	being out of moves
指将棋	さししょうぎ	sashishogi	game Shogi (as opposite of Tsume Shogi)
指し過ぎ	さしすぎ	sashisugi	overplay
指し手、差し手	さして	sashite	move (n)
指し直す	さしなおす	sashinaosu	play a new game (after a sennichite)
指し回し	さしまわし	sashimawashi	playing (around), actions
指す	さす	sasu	play; move
察する	さする	sasuru	guess, sense
挫折	ざせつ	zasetsu	failure, collapse, set-back
指せる	させる	saseru	have a satisfactory game (better than opponent)
誘い出す	さそいだす	sasoidasu	lure away, lure out
誘う	さそう	saso	invite, induce
錯覚	さっかく	sakkaku	hallucination
察知	さっち	satchi	deduction
殺到する	さっとうする	sattosuru	rush in, storm, swoop down on
捌き	さばき	sabaki	sabaki, development, disposing of pieces (by exchanging them getting them in hand)
捌く	さばく	sabaku	achieve sabaki, develop, dispose of, disentangle
左翼	さよく	sayoku	left flank
三,四,五冠王	さん-,よん-,ご-かんおう	san-,yon-,go-kano	holding 3, 4, 5 titles
残念	ざんえん	zanen	regret, chagrin
三間飛車	さんげんびしゃ	sangembisha	Third File Rook
三間飛車穴熊	さんけんびしゃあなぐま	sankembishaanaguma
三間飛車藤井システム	さんけんびしゃふじいしすてむ	sankembishafujiishisutemu
参考図	さんこうず	sankozu	reference diagram
三代伊藤宗看	さんだいいとうそうかん	sandaiitosokan	Ito Sokan III
三手一組	さんてひとくみ	santehitokumi	a three move combination
３七銀戦法	さんななぎんせんぽう	sannanaginsempo
師(匠)	し(しょう)	shi(sho)	master, teacher
強いる	しいる	shiiru	(en)force, press for
仕掛け	しかけ	shikake	the first fight, start of the middle game
仕掛ける	しかける	shikakeru	initiate a fight, start of the middle game
仕方、方法	しかた.ほうほう	shikata.hoho	method, way
しかり(叱り)の金	しかりのきん	shikarinokin	reproving gold
時間	じかん	jikan	time; an hour
時間切れ	じかんぎれ	jikangire	out of time, expiration of (available) time
持久戦	じきゅうせん	jikyusen	slow game
四間飛車	しけんびしゃ	shikembisha	Fourth File Rook
四間飛車	しけんびしゃ	shikembisha
四間飛車穴熊	しけんびしゃあなぐま	shikembishaanaguma
支障	ししょう	shisho	obstacle
持将棋	じしょうぎ	jishogi	impasse
自陣	じじん	jijin	own camp
自陣	じじん	jijin	own camp, formation
自信(がない)	じしん(がない)	jishin(ganai)	(have no) (self-)confidence
自陣角(馬)	じじんかく(うま)	jijinkaku(uma)	bishop (horse) in the own camp
静かな	しずかな	shizukana	quiet
システム	しすてむ	shisutemu	system
自戦記	じせんき	jisenki	commentary of own game
事前工作	じぜんこうさく	jizenkosaku	preparations
自然の	しぜんの	shizenno	natural
自然流	しぜんりゅう	shizenryu	natural style
思想	しそう	shiso	thought
仕損う	しそこなう	shisokonau	blunder (v)
下手	したて	shitate	handicap taker
下町流三間飛車	したまちりゅうさんけんびしゃ	shitamachiryusankembisha
質駒	しちごま	shichigoma	hostage piece (to be captured any time)
質駒	しちごま	shichigoma	pawned piece (can be taken anytime)
自重な	じちょうな	jichona	prudent, careful
失冠	しっかん	shikkan	loss of major title
実現	じつげん	jitsugen	realization
実戦	じっせん	jissen	actual game
実戦型詰	じっせんけいつめ	jissenkeitsume	actual game type problem
実戦譜	じっせんふ	jissenfu	record of an actual game
知っている	しっている	shitteiru	know
失敗	しっぱい	shippai	mistake
しっぺ返し	しっぺがえし	shippegaeshi	retaliation
失望	しつぼう	shitsubo	disappointment, despair
師弟関係	していかんけい	shiteikankei	teacher-pupil relationship
指導対局	しどうたいきょく	shidotaikyoku	teaching game, simultaneous game
死ぬ	しぬ	shinu	die
死ぬ	しぬ	shinu	die (be captured)
凌ぐ	しのぐ	shinogu	endure, weather (the attack), tide over
凌ぐ	しのぐ	shinogu	endure, weather, tide over
しばりの金	しばりのきん	shibarinokin	squeezing gold
しばりの桂	しばりのけい	shibarinokei	squeezing knight
しばる	しばる	shibaru	squeeze, restrict
支部	しぶ	shibu	local branch, local club
渋い	しぶい	shibui	shibui (quiet, sober)
絞る	しぼる	shiboru	squeeze
閉め込む	しめこむ	shimekomu	shut in
自滅	じめつ	jimetsu	suicide
しゃがみ矢倉	しゃがみやぐら	shagamiyagura	Crouching Yagura
弱点	じゃくてん	jakuten	weak point
遮断する	しゃだんする	shadansuru	interrupt, block
邪魔駒	じゃまごま	jamagoma	obstacle, blocking piece
しゃれた	しゃれた	shareta	stylish, smart
しゃれた手	しゃれたて	sharetate	stylish move
重圧	じゅうあつ	juatsu	heavy pressure
襲位	しゅうい	shui	succession to the title
週間将棋	しゅうかんしょうぎ	shukanshogi	Shogi Weekly
重厚な	じゅうこうな	jukona	thick, solid
終始	しゅうし	shushi	from start to end; beginning and end
重視する	じゅうしする	jushisuru	take into serious consideration
充実する	じゅうじつする	jujitsusuru	(make) complete
十字飛車	じゅうじびしゃ	jujibisha	corssroads rook
収拾する	しゅうしゅうする	shushusuru	control; save the situation
終戦	しゅうせん	shusen	end of the fight
収束する	しゅうそくする	shusokusuru	tie up (the game)
集中する	しゅうちゅうする	shuchusuru	centralize, concentrate
終盤	しゅうばん	shuban	end-game
十分な、充分な	じゅうぶんな	jubunna	sufficient
周辺、辺り	しゅうへん,あたり	shuhen,atari	neighbourhood
終了(-)	しゅうりょう	shuryo	end
十連覇	じゅうれんぱ	jurempa	winning the championship ten times in a row
熟考	じゅくこう,じゅっこう	jukuko,jukko	due consideration, mature reflection
熟慮	じゅくりょ	jukuryo	id.
殊勲賞	しゅくんしょう	shukunsho	Award for Best Performance
趣向詰将棋	しゅこうつめしょうぎ	shukotsumeshogi	mate compositions (with additional restrictions or special devices)
主催紙	しゅさいし	shusaishi	sponsoring newspaper
守勢	しゅせい	shusei	the defensive (position)
手段	しゅだん	shudan	means, measures, way
出場者	しゅつじょうしゃ	shutsujosha	participant(s)
術中	じゅっちゅう	jutchu	trap (n)
術中に陥る	じゅっちゅうにおちいる	jutchuniochiiru	fall into a trap
出動	しゅつどう	shutsudo	mobilization, action
主導権	しゅどうけん	shudoken	initiative
主導権を握る	しゅどうけんおにぎる	shudokenonigiru	take hold of the initiative
守備	しゅび	shubi	defence, protection
準王手飛車	じゅんおうてびしゃ	junotebisha	indirect fork on king and rook (bishop pinning down the rook)
順序	じゅんじょ	junjo	(right) order of moves
勝因	しょういん	shoin	cause of victory
紹介	しょうかい	shokai	introduction
勝機	しょうき	shoki	opportunity to win
将棋	しょうぎ	shogi	Shogi; game; style
将棋(支部機関誌)	しょうぎ(しぶきかんし)	shogi(shibukikanshi)	(Local Branch Quarterly)
将棋栄誉賞	しょうぎえいよしょう	shogieiyosho	the Award of Honor (awarded by the JSF after 600 wins in official tournaments)
将棋図巧	しょうぎずこう	shogizuko	Ingenious Shogi Problems
将棋世界	しょうぎせかい	shogisekai	(monthly)
将棋大賞	しょうぎだいしょう	shogidaisho	The Great Shogi Award
将棋道	しょうぎどう	shogido	the Way of Shogi
将棋道場	しょうぎどうじょう	shogidojo	Shogi playing hall
将棋所	しょうぎどころ	shogidokoro	(Head of) the Board of Shogi (1612-1866)
将棋年鑑	しょうぎねんかん	shoginenkan	Shogi Yearbook
将棋の日	しょうぎのひ	shoginohi	Shogi day
将棋盤セット	しょうぎばんせっと	shogibansetto	the Shogi board and set
将棋無双	しょうぎむそう	shogimuso	Unparalleled Shogi Problems
昇級	しょうきゅう	shokyu	promotion
消極的な	しょうきょくてきな	shokyokutekina	passive, negative
将棋を指す	しょうぎをさす	shogiosasu	play Shogi
上下逆にした	じょうげぎゃくにした	jogegyakunishita	with Black and White reversed
常識手	じょうしきて	joshikite	common sense move
勝勢	しょうせい	shosei	won position
定跡	じょうせき	joseki
勝着	しょうちゃく	shochaku	winning move
焦点	しょうてん	shoten	focal point (the point on which most pieces work)
焦点の捨て駒	しょうてんのすてごま	shotennosutegoma	sacrifice (drop) at the focal point
焦点の歩	しょうてんのふ	shotennofu	focal point pawn (drop)
常套手段	じょうとうしゅだん	jotoshudan	common means, old trick
衝突	しょうとつ	shototsu	clash, collision
勝敗	しょうはい	shohai	victory or defeat, the issue (of the game)
消費時間	しょうひじかん	shohijikan	used time
勝負	しょうぶ	shobu	victory or defeat, a game
上部	じょうぶ	jobu	upper part
勝負士	しょうぶし	shobushi	professional player
上部脱出	じょうぶだっしゅつ	jobudasshutsu	escape up the board
勝負手	しょうぶて	shobute	the game move
勝率	しょうりつ	shoritsu	winning percentage
初級者	しょきゅうしゃ	shokyusha	beginning kyu player
初形	しょけい	shokei	original position
初心	しょしん	shoshin	the beginner's heart, the original attitude or intentions
初心者	しょしんしゃ	shoshinsha	beginner
書せき	しょせき	shoseki	handwriting (specimen)
書体	しょたい	shotai	(style of) script
初段~九段	しょだん-くだん	shodan-kudan	1st-9th dan (player) (higher grades)
初手	しょて	shote	first move
初手７八飛戦法	しょてななはちひせんぽう	shotenanahachihisempo
序盤	じょばん	joban	opening
女流王位戦	じょりゅうおうい-せん	joryuoi-sen	Women's Oi Match (1989)
女流王将戦	じょりゅうおうしょう-せん	joryuosho-sen	Women's Osho Match (1978)
女流名人位戦	じょりゅうめいじんいせん	joryumeijinisen	Women's Meijin Match (1974)
調べる	しらべる	shiraberu	investigate
退ける	しりぞける	shirizokeru	drive away
心境	しんきょう	shinkyo	mental attitude
進行、進歩	しんこう,しんぽ	shinko,shimpo	advance
進出	しんしゅつ	shinshutsu	advance, expansion
辛勝	しんしょう	shinsho	narrow victory
信じる	しんじる	shinjiru	trust, believe
新人王戦	しんじんおうせん	shinjinosen	New Stars' King (1970)
新進棋士奨励会	しんしんきししょうれい-かい	shinshinkishishorei-kai	Apprentice Professionals' Association
慎重な	しんちょうな	shinchona	careful
新手	しんて	shinte	new move
進展	しんてん	shinten	development
新２４手組	しんにじゅうよんてぐみ	shinnijuyontegumi
侵入する	しんにゅうする	shinnyusuru	invade
心配	しんぱい	shimpai	worry, apprehension
辛抱	しんぼう	shimbo	patience
信用	しんよう	shinyo	trust, confidence
陣容、陣立て	じんよう,じんだて	jinyo,jindate	formation, position
図	ず	zu	diagram
図以下の指して	ずいかのさして	zuikanosashite	move from the diagram onwards
推察	すいさつ	suisatsu	guess, deduction
据えつける	すえつける	suetsukeru	place, set up
据える	すえる	sueru	place
スキ(隙)	すき	suki	hole (weakness; loophole; a tempo breathing space)
直	すぐ	sugu	moves straight (vertical)
救い出す	すくいだす	sukuidasu	help, rescue
筋	すじ	suji	file; diagonal
筋違角	すじちがいかく	sujichigaikaku	Wrong Diagonal Bishop
筋の良い	すじのよい	sujinoyoi	tactically good
筋の悪い	すじのわるい	sujinowarui	tactically bad
進む	すすむ	susumu	advance, develop
進む；進める	すすむ;すすめる	susumu;susumeru	advance, progress; develop (vi; vt)
雀刺し	すずめざし	suzumezashi	Spearing the Sparrow
スタイル	すたいる	sutairu	style
捨てる	すてる	suteru	sacrifice
素直な	すなおな	sunaona	meek, tame
素抜き	すぬき	sunuki	pure, clean profit
素抜ける	すぬける	sunukeru	can take simply (without any loss)
素晴らしい	すばらしい	subarashii	splendid
スピード	すぴいど	supiido	speed
済ます	すます	sumasu	finish up, settle; make do
図までの指して	ずまでのさして	zumadenosashite	moves up to the diagram
スミ（隅）	すみ	sumi	corner
済む	すむ	sumu	end; do without, avoid
制圧する	せいあつする	seiatsusuru	(bring under) control, suppress
正解	せいかい	seikai	correct solution
成功	せいこう	seiko	success
清算	せいさん	seisan	liquidation, cleaning up
制する	せいする	seisuru	control, keep under control
正着	せいちゃく	seichaku	the correct move
正当な	せいとうな	seitona	correct
成否	せいひ	seihi	success and/or failure
整備する	せいびする	seibisuru	consolidate
成立	せいりつ	seiritsu	realization
勢力	せいりょく	seiryoku	power, influence, force
勢力争い	せいりょくあらそい	seiryokuarasoi	power struggle, fight for positional advantage
勢力範囲	せいりょくはんい	seiryokuhani	sphere of influence
積極的な	せっきょくてきな	sekkyokutekina	positive, active
絶好の一手	ぜっこうのいって	zekkonoitte	the best move
絶対手	ぜったいしゅ	zettaishu	forced move
セっチン	せっちん	setchin	corner square(s) (lit. watercloset)
絶望	ぜつぼう	zetsubo	despair
絶妙手	ぜつみょうしゅ	zetsumyoshu	absolutely brilliant move
絶妙な	ぜつみょうな	zetsumyona	sublime, brilliant
説明	せつめい	setsumei	explanation, elucidation
背中	せなか	senaka	back
狭まる；狭める	せばまる;せばめる	sebamaru;sebameru	become narrow; narrow down (vi; vt)
迫まる	せまる	semaru	urge, push on, force
迫まる	せまる	semaru	force, press for, enroach upon
攻め	せめ	seme	attack (n)
攻め合い	せめあい	semeai	semeai, mutual attack, attacking race
攻め足	せめあし	semeashi	foothold for the attack
攻め足	せめあし	semeashi	foothold for the attack
攻め方	せめかた	semekata	the way to attack
攻方	せめかた	semekata	the attacking side
攻め口	せめぐち	semeguchi	opening, clue for the attack
攻める	せめる	semeru	attack
競り合う	せりあう	seriau	compete, vie for, contend with
戦	せん	sen	fight; game; match
戦、対戦	せん,たいせん	sen,taisen	game, fight; match
戦意	せんい	seni	fighting spirit
選手権戦	せんしゅけんせん	senshukensen	championship, title match
戦術	せんじゅつ	senjutsu	strategy (art)
戦場	せんじょう	senjo	place of the fight, front
先制攻撃	せんせいこうげき	senseikogeki	first strike
戦線	せんせん	sensen	front, battle line
戦線を広げる	せんせんをひろげる	sensenohirogeru	broaden the front
戦端	せんたん	sentan	hostilities
戦端を開く	せんたんをひらく	sentanohiraku	start hostilities
先手	せんて	sente	Black; sente, the initiative
前提工作	ぜんていこうさく	zenteikosaku	preparations
先手中飛車	せんてなかびしゃ	sentenakabisha
千日手	せんにちて	sennichite	draw by repetition of moves
戦法	せんぽう	sempo	opening (strategy)
前名人	ぜんめいじん	zemmeijin	former meijin
戦略	せんりゃく	senryaku	strategy (plan)
奏功	そうこう	soko	success, fruition
想像	そうぞう	sozo	imagination
相当な	そうとうな	sotona	adequate, suitable
総矢倉	そうやぐら	soyagura	Complete Yagura
総矢倉	そうやぐら	soyagura
即詰め、追い詰め	そくずめ,おいずめ	sokuzume,oizume	straight and (too) simple mate (problem)
即詰み	そくづみ	sokuzumi	forced mate
俗手	ぞくて	zokute	vulgar move
速度	そくど	sokudo	speed
害う	そこなう	sokonau	damage (v)
損う	そこなう	sokonau	injure, spoil, miss (an opportunity)
底歩	そこふ	sokofu	anchor pawn
阻止する	そしする	soshisuru	prevent, keep off
速攻	そっこう	sokko	quick, speedy attack
そっぽ	そっぽ	soppo	wrong direction, out of play
袖飛車	そでびしゃ	sodebisha	Sleeve Rook
備える	そなえる	sonaeru	prepare against
損	そん	son	loss
損ずる	そんずる	sonzuru	loss
大悪手	だいあくしゅ	daiakushu	blunder
対応策	たいおうさく	taiosaku	counter-measures
大会	たいかい	taikai	tournament (amateur)
大海	たいかい	taikai	the wide sea, the open board
待機する	たいきする	taikisuru	wait for one's chance
大局	たいきょく	taikyoku	total position
大局観	たいきょくかん	taikyokukan	whole-board perception
対抗	たいこう	taiko	resistance
大混戦	だいこんせん	daikonsen	chaotic battle
大差	たいさ	taisa	big difference
対策	たいさく	taisaku	counter-plan
退治する	たいじする	taijisuru	subjugate, control, exterminate
退出する	たいしゅつする	taishutsusuru	retreat
代償	だいしょう	daisho	compensation
大将棋	だいしょうぎ	daishogi	Great Shogi
大丈夫な	だいじょうぶな	daijobuna	safe, alright, o.k.
大勢	たいせい	taisei	total position
大切な、大事な	たいせつな,だいじな	taisetsuna,daijina	important
大胆な	だいたんな	daitanna	courageous
大道詰将棋	だいどうつめしょうぎ	daidotsumeshogi	Street Tsume Shogi (e.g. in popular city districts)
タイトル保持者	たいとるほじしゃ	taitoruhojisha	title holder
タイトルマッチ	たいとるまっち	taitorumatchi	title match
大熱戦	だいねっせん	dainessen	fierce, heated fight
大変な	たいへんな	taihenna	terrible
タイミング	たいみんぐ	taimingu	timing
ダイヤモンド美濃	だいやもんどみの	daiyamondomino
ダイレクト向飛車	ダイレクト向飛車	dairekuto向飛車
退路	たいろ	tairo	escape (retreat) route
退路への捨て駒	たいろのすてごま	taironosutegoma	sacrifice at the loophole (of the king) (endgame)
打開する	だかいする	dakaisuru	break open
高田流左玉	たかだりゅうひだりぎょく	takadaryuhidarigyoku
高とびの桂	たかとびのけい	takatobinokei	advanced (high jumping) knight
高美濃	たかみの	takamino	High Mino
高美濃囲い	たかみのがこい	takaminogakoi
巧みな	たくみな	takumina	ingenious, smart
たこ金	たこきん	takokin	Kite Gold (Masuda`s counter against the Twisting Rook)
タコ金	たこきん	takokin
助ける、援ける	たすける	tasukeru	help, support, save
尋ねる	たずねる	tazuneru	seek, ask for
戦い、闘い	たたかい	tatakai	fight (n)
戦う	たたかう	tatakau	fight (v)
タタキ(叩き)歩	たたきのふ	tatakinofu	striking pawn (drop)
タタク （叩く）	たたく	tataku	strike (drop a pawn right in front of an enemy piece)
正しい	ただしい	tadashii	correct, right
タダで取る	ただでとる	tadadetoru	simply capture (and gain a piece)
立ち合い人	たちあいにん	tachiainin	referee
立ち往生する	たちおうじょうする	tachiojosuru	come to a standstill
断ち切る	たちきる	tachikiru	cut off, block
立ち直す	たちなおす	tachinaosu	reposition
立つ	たつ	tatsu	set up, place
奪回	だっかい	dakkai	recapture, recover
奪還	だっかん	dakkan	recapture, recover
奪取	だっしゅ	dasshu	taking the title, winning the title
脱出	だっしゅつ	dasshutsu	escape (n)
達する	たっする	tassuru	attain, realize; be experienced
脱する	だっする	dassuru	escape, break free
達成する	たっせいする	tasseisuru	achieve, attain
立石流（四間飛車）	たていしりゅう	tateishiryu
縦歩取り	たてふどり	tatefudori	Rook on Pawn
楽しい、愉快な	たのしい,ゆかいな	tanoshii,yukaina	pleasant
楽しみになる	たのしみになる	tanoshimininaru	look forward to
楽しむ	たのしむ	tanoshimu	enjoy
打破	だは	daha	destruction
だまる(黙る)	だまる	damaru	keep quiet, do nothing
試す；試みる	ためす,こころみる	tamesu,kokoromiru	try
ダメ(駄目)な	だめな	damena	bad
ためらう	ためらう	tamerau	hesitate
保つ	たもつ	tamotsu	keep
容易い、容易な	たやすい,よういな	tayasui,yoina	easy
タラす（垂らす）	たらす	tarasu	dangle (drop a pawn before the target field, threatening promotion next)
タレ(垂れ)歩	たれふ	tarefu	dangling pawn (tesuji)
段	だん	dan	rank (horizontal)
段	だん	dan	dan (higher grade)
小さい	ちいさい	chiisai	small
チェスクロック	ちぇす-くろっく	chiぇsu-kurokku	chess clock
違う	ちがう	chigau	differ from; be wrong
近づく	ちかづく	chikazuku	approach, come closer
近づける	ちかづける	chikazukeru	let (make) approach
地下鉄飛車	ちかてつびしゃ	chikatetsubisha	Subway Rook (contra rightside king in Bishop Exchange)
力を溜める	ちからおためる	chikaraotameru	gather strength, assemble (more) force
力将棋	ちからしょうぎ	chikarashogi	power Shogi
地帯	ちたい	chitai	zone, region
地点	ちてん	chiten	field, square
地点	ちてん	chiten	point, square
着、一着	ちゃく,いっちゃく	chaku,itchaku	(one) move
着実な	ちゃくじつな	chakujitsuna	calm, steady
着手	ちゃくしゅ	chakushu	start (n)
着想	ちゃくそう	chakuso	idea
チャンス	ちゃんす	chansu	chance
チャンスを窺う	ちゃんすをうかがう	chansuokagau	look for a chance
中合する	ちゅうあいする	chuaisuru	interpose, block
中合いの歩	ちゅうあいのふ	chuainofu	interposed pawn
注意, 注目	ちゅうい,ちゅうもく	chui,chumoku	attention
中央	ちゅうおう	chuo	center
中央制圧	ちゅうおうせいあつ	chuoseiatsu	control of the centre
中将棋	ちゅうしょうぎ	chushogi	Middle Shogi
中段	ちゅうだん	chudan	centre rank(s)
中盤	ちゅうばん	chuban	middlegame
超急戦	ちょうきゅうせん	chokyusen
長考	ちょうこう	choko	long deliberation (thinking long about a move, usually longer than about 30 minutes)
調子	ちょうし	choshi	manner, way, style, condition (also: condition of a player)
調子がいい	ちょうしがいい	choshigaii	in good style; with good prospects; in good condition
挑戦	ちょうせん	chosen	candidate match
挑戦者	ちょうせんしゃ	chosensha	challenger
挑戦する	ちょうせんする	chosensuru	challenge, provoke
超速３七銀	ちょうそくさんななぎん	chosokusannanagin
超早指し将棋	ちょうはやざししょうぎ	chohayazashishogi	lightning Shogi
直線	ちょくせん	chokusen	straight line
チョンマゲ美濃	ちょんまげみの	chommagemino	Topknot Mino (usually the result of a feinting static rook)
沈着な	ちんちゃくな	chinchakuna	calm, selfcomposed
追撃	ついげき	tsuigeki	pursuit, attack
ついたて将棋	ついたてしょうぎ	tsuitateshogi	screen Shogi (blind Shogi)
通じる	つうじる	tsujiru	pass, be opened
通信将棋	つうしんしょうぎ	tsushinshogi	postal Shogi
痛打	つうだ	tsuda	painful blow, drop
塚田スペシャル	つかだすぺしゃる	tsukadasupesharu
捕まえる	つかまえる	tsukamaeru	capture
つかむ	つかむ	tsukamu	grab, take hold of
突き合う	つきあう	tsukiau	push (pawns) mutually (on the same file)
つぎ桂	つぎけい	tsugikei	joining knights
突き越す	つきこす	tsukikosu	push on
突き込む	つきこむ	tsukikomu	push and enter (the promotionzone)
突き捨ての歩	つきすてのふ	tsukisutenofu	sacrifice push
突き捨てる	つきすてる	tsukisuteru	push and sacrifice
突き違い	つきちがい	tsukichigai	counterpush (on another file)
突き違うの歩	つきちがいのふ	tsukichigainofu	counter-push (on another file)
次の、後続の	つぎの,こうぞくの	tsugino,kozokuno	following, next
次の一手	つぎのいって	tsuginoitte	the next move; next move problem
継ぎ歩	つぎふ	tsugifu	joining pawns
突歩詰み	つきふづみ	tsukifuzumi	mate with pawn push
突く	つく	tsuku	push (pawn) (also: thrust, attack)
突く	つく	tsuku	attack, thrust (also: push a pawn)
継ぐ	つぐ	tsugu	follow
つくつくぼうし	つくつくぼうし	tsukutsukuboshi
ツクツクボウシ	つくつくぼうし	tsukutsukuboshi
作物	つくりもの	tsukurimono	checkmate problem
つけこむ	つけこむ	tsukekomu	take advantage of
続く；続ける	つずく;つずける	tsuzuku;tsuzukeru	continue (vi; vt)
突っ切り	つっきり	tsukkiri	(pawn) sacrifice push
包む	つつむ	tsutsumu	surround, encircle
つなぎ桂	つなぎけい	tsunagikei	connected, linked knights
綱渡り	つなわたり	tsunawatari	danger, tightrope walking
ツノ銀	つのぎん	tsunogin	Silver on the Horns
ツノ銀中飛車	つのぎんなかびしゃ	tsunoginnakabisha
潰す	つぶす	tsubusu	crush
詰ます	つます	tsumasu	mate (v)
つまらない	つまらない	tsumaranai	boring, trifling, stupid
詰まる；詰める	つまる;つめる	tsumaru;tsumeru	become shorter; shorten (the edge by pushing the pawn to the 6th rank) (vi; vt)
詰み	つみ	tsumi	mate(n)
詰み上がり	つみあがり	tsumiagari	checkmating
詰上り図	つみあがりず	tsumiagarizu	mate diagram
罪する	つみする	tsumisuru	punish
詰む	つむ	tsumu	mate(v), be checkmated
詰むや詰まざるや	つむやつまざるや	tsumuyatsumazaruya	Mate or No Mate?
詰め	つめ	tsume	tsume, mating problem
詰将棋	つめしょうぎ	tsumeshogi	Tsume Shogi, checkmate problems
詰手、着手	つめて,ちゃくしゅ	tsumete,chakushu	the first checking move
詰物、図式	つめもの,ずしき	tsumemono,zushiki	checkmate problem
詰めろ （詰めよ）	つめろ(つめよ)	tsumero(tsumeyo)	threatmate
詰めろを逃れの詰めろ	つめろのがれのつめろ	tsumeronogarenotsumero	threatmate to escape threatmate
詰めろをかける	つめろをかける	tsumerokakeru	threaten mate
強い	つよい	tsuyoi	strong
強気	つよき	tsuyoki	braveness, strong spirit
強まる；強める	つよまる;つよめる	tsuyomaru;tsuyomeru	become stronger; strengthen (vi; vt)
辛い	つらい	tsurai	painful, hard, bitter
つり合い	つりあい	tsuriai	balance
釣り上げる	つりあげる	tsuriageru	draw up, hook up
吊り出す	つりだす	tsuridasu	entice out, lure out
吊るし桂	つるしけい	tsurushikei	smothered mate
手	て	te	move; tempo
抵抗	ていこう	teiko	resistance
丁寧な	ていねいな	teineina	careful
手薄	てうす	teusu	weakness
手遅れ	ておくれ	teokure	lagging a move behind
手落ち	ておち	teochi	oversight
手がかり	てがかり	tegakari	clue
手がかりの桂	てがかりのけい	tegakarinokei	knight foothold
手勝ち	てかち	tekachi	winning by one move (tempo), winning the semeai
敵陣	てきじん	tekijin	opponent`s camp
敵陣	てきじん	tekijin	enemy camp, formation
適当な	てきとうな	tekitona	suitable, proper
手際よい	てぎわよい	tegiwayoi	efficient
手応え	てごたえ	tegotae	answer, resistance
弟子、門人	でし,もんじん	deshi,monjin	pupil
手順	てじゅん	tejun	sequence of moves
手順前後	てじゅん-ぜんご	tejun-zengo	reverse order of moves (usually wrong)
手順、順	てじゅん,じゅん	tejun,jun	sequence (of moves)
手順前後	てじゅんぜんご	tejunzengo	reverse order of moves (usually wrong)
手将棋	てしょうぎ	teshogi	free Shogi (avoiding established joseki patterns)
手数	てすう	tesu	number of moves
手数	てすう	tesu	number of moves
手筋、筋	てすじ,すじ	tesuji,suji	tactics, tactical move, (standard) combination
手筋、筋	てすじ,すじ	tesuji,suji	tesuji, tactic
手損	てぞん	tezon	loss of tempo
手作り	てづくり	tezukuri	creating moves
手詰まり	てづまり	tezumari	Zugzwang, being short of moves
手得	てどく	tedoku	gain of tempo
手抜き	てぬき	tenuki	move elsewhere
手放す	てばなす	tebanasu	let go, drop (also: give away a piece)
手番	てばん	teban	turn to play
手拍子	てびょうし	tebyoshi	reflex moves
手待ち	てまち	temachi	waiting move
出る；出す	でる;だす	deru;dasu	go out; send out (vi; vt)
展開する	てんかいする	tenkaisuru	develop
展開になる	てんかいになる	tenkaininaru	be developed
転換する	てんかんする	tenkansuru	convert, switch, transpose
天守閣美濃	てんしゅかくみの	tenshukakumino	Castle Tower Mino
左美濃	てんしゅかくみの	tenshukakumino
転じる	てんじる	tenjiru	shift, be transferred, change
転じる；転ずる	てんじる;てんずる	tenjiru;tenzuru	turn (around), be transferred
天王山	てんのうざん	tennozan	the Tenno Mountain; vantage point (usually 5e)
転用する	てんようする	tenyosuru	convert
土居矢倉	どいやぐら	doiyagura
同	どう	do	takes (and moves to the square just mentioned)
動機	どうき	doki	motive
同型矢倉	どうけいやぐら	dokeiyagura	Symmetrical Yagura
遠ざかる	とうざかる	tozakaru	stay at a distance, stay away from
盗作	とうさく	tosaku	stolen problem, plagiarism
遠ざける	とうざける	tozakeru	keep (put) at a distance
当然の	とうぜんの	tozenno	natural, proper
道程	どうてい,みちのり	dotei,michinori	process, path
投入する	とうにゅうする	tonyusuru	throw into, drop
投了(-)	とうりょう	toryo	resignation
投了図	とうりょうず	toryozu	resign diagram
通す	とおす	tosu	let pass, pass through; open
咎める	とがめる	togameru	punish (a mistake)
時	とき	toki	time, moment
と金、と	ときん,と	tokin,to	tokin, promoted pawn
得	とく	toku	profit, gain (of material)
得意の	とくいの	tokuino	favourite
特技	とくぎ	tokugi	special ability (of a piece)
得策	とくさく	tokusaku	profitable, wise plan
得する	とくする	tokusuru	profit, gain
時計	とけい	tokei	clock
どける	どける	dokeru	remove (obstacle), get (obstacle) out of the way
ところ(所)	ところ	tokoro	place
途中図	とちゅうず	tochuzu	intermediate diagram
突入する	とつにゅうする	totsunyusuru	rush in, plunge into
突破	とっぱ	toppa	breakthrough
整う；整える	ととのう;ととのえる	totono;totonoeru	be prepared, be arranged; prepare, arrange, settle (vi; vt)
止めを刺す	とどめおさす	todomeosasu	give the coup de grace, finish off
跳駒	とびごま	tobigoma	long range pices (rook, bishop, knight, lance)
跳ぶ	とぶ	tobu	jump (knight)
飛ぶ	とぶ	tobu	fly, rush (rook)
トマホーク	とまほーく	tomahoーku
止まる；止める	とまる,とめる	tomaru,tomeru	stop (vi; vt)
止める	とめる	tomeru	stop, block
止める	とめる	tomeru	block, shut off, stop
取り合い	とりあい	toriai	exchange, mutual capture
取り返す	とりかえす	torikaesu	take back
取り込む	とりこむ	torikomu	take and approach, take and enter
鳥刺し	とりざし	torizashi
トリック	とりっく	torikku	trick
取る	とる	toru	(threaten to) take (also: take up a position)
頓挫する	とんざする	tonzasuru	come to a deadlock
トン死	とんし	tonshi	sudden death
長びかせる	ながびかせる	nagabikaseru	slow down, draw out
中飛車	なかびしゃ	nakabisha	Central Rook
中飛車左穴熊	なかびしゃひだりあなぐま	nakabishahidarianaguma
流れ	ながれ	nagare	flow
流れ矢倉	ながれやぐら	nagareyagura	Flow Yagura
泣きどころ	なきどころ	nakidokoro	vulnerable point
なくす	なくす	nakusu	lose, get rid of
投げ場	なげば	nageba	point of resigning
斜め棒銀	ななめぼうぎん	nanamebogin
ナマ(生)駒	なまごま	namagoma	raw piece (just standing somewhere without function)
悩ます	なやます	nayamasu	trouble, annoy
悩む	なやむ	nayamu	suffer, be annoyed
生	ならず	narazu	does not promote
不成	ならず	narazu	does not promote
並ぶ	ならぶ	narabu	line up (the pieces at the beginning of a game)
成	なり	nari	promotes
成り	なり	nari	promotion; promoted-
成~、ナリ~	なり-	nari-	promoted-
成り込む	なり-こむ	nari-komu	enter and promote
成り捨ての歩	なりすてのふ	narisutenofu	pawn sacrfice promotion
成り立つ	なりたつ	naritatsu	realize
成る	なる	naru	promote
難解な	なんかいな	nankaina	difficult
難局	なんきょく	nankyoku	difficult, tough position (or: game)
難戦	なんせん	nansen	difficult game
逃げ場の先着	にげばのせんちゃく	nigebanosenchaku	arriving first at the loophole (by sacrificing a piece letting the opponent plug up the king's escape route)
逃げ道	にげみち	nigemichi	escape route
逃げる、逃れる	にげる,のがれる	nigeru,nogareru	run away, escape
二十八手組み	にじゅうはってぐみ	nijuhattegumi	the 14-Move Set (a well-known joseki resulting in a symmetrical position)
２手目３二飛戦法	にてめさんにいひせんぽう	nitemesanniihisempo
２手目７四歩戦法	にてめななよんふせんぽう	nitemenanayonfusempo
日本将棋連盟	にほんしょうぎれんめい	nihonshogiremmei	Japan Shogi Federation
日本シリーズ	にほんしりいず	nihonshiriizu	Japan Series (1980)
二枚落ち	にまいおち	nimaiochi	two piece handicap
二枚換え	にまいがえ	nimaigae	two-for-one, exchanging one (major) piece for two (minor) pieces
二枚金	にまいきん	nimaikin	Double-Gold
入玉	にゅうぎょく	nyugyoku	entering king
入玉	にゅうぎょく	nyugyoku	entering king
入手する	にゅうしゅする	nyushusuru	get in hand
ニラむ	にらむ	niramu	bear down on (with bishop) (lit. stare at)
似る	にる	niru	resemble
抜く	ぬく	nuku	pull out; move elsewhere (also: take, capture)
抜く	ぬく	nuku	take
脱け出す、抜け出す	ぬけだす	nukedasu	escape, break free
抜け出る	ぬけでる	nukederu	come out (of)
脱け道	ぬけみち	nukemichi	escape route, loophole
願う	ねがう	negau	hope, wish
ネコ式タテ歩取り	ねこしきたてふとり	nekoshikitatefutori
粘り強い	ねばりづよい	nebarizuyoi	tenacious, tough, persistent
粘る	ねばる	nebaru	stick to, persist, keep putting up some resistance
狙い筋	ねらいすじ	neraisuji	the move or tesuji one aimed at, the intended move
狙いの一手	ねらいのいって	nerainoitte	the intended move
狙う、目指す	ねらう,めざす	nerau,mezasu	aim at
ノータイムで	のうたいむで	notaimude	in 'no time' (playing a move in less than one minute, so no time is substracted from the available time)
ノーマル三間飛車	のうまるさんげんびしゃ	nomarusangembisha
ノーマル四間飛車	のうまるしけんびしゃ	nomarushikembisha
逃す	のがす,にがす	nogasu,nigasu	miss; let escape
逃れる	のがれる	nogareru	escape
残りの時間	のこりのじかん	nokorinojikan	remaining time
残る；残す	のこる;のこす	nokoru;nokosu	remain, be spared; leave behind (vi; vt)
のぞく	のぞく	nozoku	peep (bishop)
望む	のぞむ	nozomu	hope, wish
ノックアウト	のっくあうと	nokkuauto	knock-out
伸す；延ばす	のばす	nobasu	extend (with pawn push)
伸ばす(延す)	のばす	nobasu	extend (e.g. the edge by a pawn push)
伸び過ぎる	のびすぎる	nobisugiru	overextend
敗因	はい'いん	hai'in	cause of defeat
敗（戦）	はい(せん)	hai(sen)	defeat
敗者	はいしゃ	haisha	loser
排除する	はいじょする	haijosuru	remove
敗勢	はいせい	haisei	lost position
敗着	はいちゃく	haichaku	losing move
敗着	はいちゃく	haichaku	losing move
敗北(-)	はいぼく	haiboku	defeat
入	はいる	hairu	enters the promotionzone
入る；入れる	はいる;いれる	hairu;ireru	go in, enter; send, put in (vi; vt)
破壊力	はかいりょく	hakairyoku	destructive power
剥す	はがす	hagasu	tear off
バカ(馬鹿)な	ばかな	bakana	stupid
はかる	はかる	hakaru	plan
激しい	はげしい	hageshii	severe, violent
箱入り娘	はこいりむすめ	hakoirimusume	Daddy's Dearest (Well-protected Daughter)
箱入り娘	はこいりむすめ	hakoirimusume
運び	はこび	hakobi	arrangements, paving the way, progress
挟み撃ち	はさみうち	hasamiuchi	pincer attack
はさむ(挟む)	はさむ	hasamu	pincer, attack from both sides
端	はし	hashi	edge
端棒銀	はしぼうぎん	hashibogin
始める	はじめる	hajimeru	begin
場所	ばしょ	basho	place
走る	はしる	hashiru	rush (forwards) (rook, lance)
恥ずかしい	はずかしい	hazukashii	ashamed, shameful
はずす	はずす	hazusu	take off
パターン	ぱたあん	pataan	pattern
働く	はたらく	hataraku	work, be active, be activated
破綻	はたん	hatan	failure
発揮	はっき	hakki	realization
パックマン	ぱっくまん	pakkuman
発見	はっけん	hakken	discovery
ぱっとしない	ぱっとしない	pattoshinai	unsatisfactory
はっとする	はっとする	hattosuru	be surprised, frightened
八方	はっぽう	happo	all directions
離し飛車	はなしびしゃ	hanashibisha	detached rook (drop)
離れ駒	はなれごま	hanaregoma	loose piece
離れ駒	はなれごま	hanaregoma	loose piece
離れる	はなれる	hanareru	seperate, get loose
ハネ	はね	hane	knight move
跳ね返る；~返す	はねかえる;はねかえす	hanekaeru;hanekaesu	rebound, spring back; kick back (vi; vt)
ハネ違い桂	はねちがいのけい	hanechigainokei	counter-jump (not taking the opponent's knight)
跳ねる	はねる	haneru	jump (knight)
阻む	はばむ	habamu	prevent, keep off
省く、省略する	はぶく,しょうりゃくする	habuku,shoryakusuru	omit
はまり筋	はまりすじ	hamarisuji	trap
ハメテ	はめて	hamete	trap, trick move
ハメ手	はめて	hamete	trick move, trap
はめる	はめる	hameru	ensnare, trap
早い、速い	はやい	hayai	early, quick
早繰り銀	はやくりぎん	hayakurigin	rushing silver
早指し将棋	はやざししょうぎ	hayazashishogi	quick Shogi
早仕掛け	はやしかけ	hayashikake	early fight, early start of the middle game
早詰	はやずめ	hayazume	earlier mate (flawed problem or wrong solution)
早逃げ	はやにげ	hayanige	early escape (of king)
腹	はら	hara	belly
払う	はらう	harau	wipe off
バランス	ばらんす	baransu	balance (between Black and White, attack and defence, right side and left side etc.)
バランスを取る	ばらんすをとる	baransuotoru	retain the balance
バランスを保つ	ばらんすを保つ	baransuo保tsu	keep the balance
覇を競り合う	はをせりあう	haoseriau	vie, compete for the championship
盤	ばん	ban	board
反撃、逆攻撃	はんげき,ぎゃくこうげき	hangeki,gyakukogeki	counter attack
反する	はんする	hansuru	resist, go against
反則負け	はんそくまけ	hansokumake	loss because of an illegal move
反対	はんたい	hantai	resistance
判断する	はんだんする	handansuru	decide, judge, conclude
パンチ	ぱんち	panchi	punch, hit
反応	はんのう	hanno	reaction
反発	はんぱつ	hampatsu	repulsion, resistance
反発力	はんぱつりょく	hampatsuryoku	repulsive force
盤面、譜面	ばんめん,ふめん	bammen,fumen	board (surface)
盤面全体	ばんめんぜんたい	bammenzentai	the whole board
盤面全部	ばんめんぜんぶ	bammenzembu	the whole board
飛（車）先	ひ(しゃ)さき	hi(sha)saki	rook file; rook pawn
控室	ひかえしつ	hikaeshitsu	anteroom
控えの桂	ひかえのけい	hikaenokei	knight (drop) towards the rear
控える	ひかえる	hikaeru	refrain from; hold back, wait
比較(-)	ひかく	hikaku	comparison
比較検討	ひかくけんとう	hikakukento	comparitive analysis
飛角図式	ひかくずしき	hikakuzushiki	Rook and Bishop Problem
引角	ひきかく	hikikaku	retreating bishop (B7i or B3a)
引き戻す	ひきもどす	hikimodosu	return to
引	ひく	hiku	draws back
引く	ひく	hiku	retreat, pull back
退く	ひく;しりぞく	hiku;shirizoku	retreat
微差	びさ	bisa	slight difference
飛先不突	ひさき-ふずき	hisaki-fuzuki	Not Pushing the Rook Pawn
飛車、飛	ひしゃ,ひ	hisha,hi	Rook
飛切り	ひしゃきり	hishakiri	exchanging the rook for a minor piece
菱矢倉	ひしやぐら	hishiyagura
秘手	ひしゅ	hishu	concealed, hidden move
比する	ひする	hisuru	compare
非勢	ひせい	hisei	bad position
左	ひだり	hidari	from the left
左美濃	ひだりみの	hidarimino	Left(side) Mino
左美濃急戦	ひだりみのきゅうせん	hidariminokyusen
ビックリする	びっくりする	bikkurisuru	be surprised, frightened
秘策	ひっさく	hissaku	secret plan
必死	ひっし	hisshi	brinkmate, hisshi
必死がかかる	ひっしがかける	hisshigakakeru	set up a brinkmate
必死を逃れの必死	ひっしのがれのひっし	hisshinogarenohisshi	hisshi (brinkmate) to escape hisshi
必勝	ひっしょう	hissho	sure win
引っ張り出す	ひっぱりだす	hipparidasu	draw, pull out (into)
引っ張る	ひっぱる	hipparu	draw, pull
必要、必然	ひつよう,ひつぜん	hitsuyo,hitsuzen	necessity
必要な	ひつような	hitsuyona	necessary
英ちゃん流中飛車	ひでちゃんりゅうなかびしゃ	hidechanryunakabisha
一息をつく	ひと-いきおつく	hito-ikiotsuku	take a pause
ひどい	ひどい	hidoi	terrible
ひねり飛車	ひねりびしゃ	hineribisha	Twisting Rook
ひねる	ひねる	hineru	twist, switch over (to the other side) (rook)
響き、影響	ひびき,えいきょう	hibiki,eikyo	influence (n)
響く	ひびく	hibiku	influence (v)
微妙手	びみょうしゅ	bimyoshu	(very) subtle move
微妙な	びみょうな	bimyona	subtle
ヒモ（紐）をつける	ひもをつける	himotsukeru	protect, defend (a piece)
秒	びょう	byo	second(s)
評価	ひょうか	hyoka	evaluation
秒読み	びょうよみ	byoyomi	reading off the seconds
平香交落	ひらきょうまじりおち	hirakyomajiriochi	alternating even game with lance handicap (obs.)
平手戦	ひらてせん	hiratesen	even game
平目	ひらめ	hirame	Flatfish
ヒラメ	ひらめ	hirame
広がる；広げる	ひろがる;ひろげる	hirogaru;hirogeru	extend, reach to; expand, widen (vi; vt)
貧乏図式	びんぼうずしき	bimbozushiki	Poor Man`s Problem (without any gold or silver)
不安	ふあん	fuan	uneasiness, anxiety
封鎖	ふうさ	fusa	blockade
封じ込む	ふうじこむ	fujikomu	shut in, seal in
封じ手	ふうじて	fujite	sealed move
封じる	ふうじる	fujiru	block, seal off
不可能	ふかのう	fukano	impossible
不完全作	ふかんぜんさく	fukanzensaku	defective problem
不気味な	ぶきみな	bukimina	ominous, uncanny
歩切れ	ふぎれ	fugire	out of pawns, no pawns in hand
複雑な	ふくざつな	fukuzatsuna	complicated
歩越し銀	ふこしぎん	fukoshigin	silver in front of its pawns
藤井システム	ふじいしすてむ	fujiishisutemu
藤井矢倉	ふじいやぐら	fujiiyagura
無事な	ぶじな	bujina	safe, uneventful
布陣	ふじん	fujin	formation, position
防ぐ、拒ぐ	ふせぐ	fusegu	defend against, prevent, keep off
ぶつかる；ぶつける	ぶつかる;ぶつける	butsukaru;butsukeru	collide (oppose a piece with the same kind of piece) (vi; vt)
不詰	ふづめ,つまず	fuzume,tsumazu	(there is) no mate
太い	ふとい	futoi	thick, massive
歩頭桂	ふとうけい	futokei	knight (sacrifice) at the head of the pawn (endgame)
舟囲い	ふながこい	funagakoi	Boat Castle
不成り	ふなり	funari	unpromoted-
歩の代りの香	ふのかわりのきょう	funokawarinokyo	lance exchange for a pawn
不発	ふはつ	fuhatsu	misfire
歩兵、歩	ふひょう,ふ	fuhyo,fu	Pawn
不満	ふまん	fuman	dissatisfaction
不満な	ふまんな	fumanna	unsatisfactory, insufficient
不愉快な	ふゆかいな	fuyukaina	unpleasant
不用意な	ふよういな	fuyoina	unprepared, uncareful
不要な	ふような	fuyona	not necessary
プラス	ぷらす	purasu	plus point
不利	ふり	furi	disadvantage
振り駒	ふりごま	furigoma	toss (by throwing five pawns)
振飛車	ふりびしゃ	furibisha	Ranging Rook
振飛車穴熊	ふりびしゃあなぐま	furibishaanaguma	Ranging Rook Bear in the Hole
振り飛車穴熊	ふりびしゃあなぐま	furibishaanaguma
振り飛車ミレニアム	ふりひしゃみれにあむ	furihishamireniamu
振る	ふる	furu	range (to and fro, on the same rank) (rook)
プレシャーを与える	ぷれっしゃあをあたえる	puresshaaoataeru	apply pressure
プロ, プロフェシォナル	ぷろ,ぷろふぇっしょなる	puro,purofuぇsshonaru	pro, professional
分	ふん	fun	minute(s)
分析	ぶんせき	bunseki	analysis
ペース	ぺえす	peesu	pace, upperhand. initiative
へこます（凹ます）	へこます	hekomasu	dent, make hollow
へこみ矢倉	へこみやぐら	hekomiyagura
別詰	べつずめ	betsuzume	different mate
別の	べつの	betsuno	other, different
ヘボ将棋	へぼしょうぎ	heboshogi	crackpot Shogi (absolute beginner`s)
変化	へんか	henka	variation
変化、変更	へんか,へんこう	henka,henko	variation
変化長手数	へんかちょうてすう	henkachotesu	longer variation (mate delayed by interposing pieces, but actual mate is the same)
変型	へんけい	henkei	irregular formation
変更する	へんこうする	henkosuru	change, modify, play a variation
変調	へんちょう	hencho	variation; irregularity
包囲する	ほういする	hoisuru	encircle, siege
防衛	ぼうえい	boei	defending the title
崩壊	ほうかい	hokai	collapse
防御、防衛	ぼうぎょ,ぼうえい	bogyo,boei	defence, protection
棒玉	ぼうぎょく	bogyoku
棒金	ぼうきん	bokin
棒銀	ぼうぎん	bogin	Climbing Silver
棒銀	ぼうぎん	bogin
棒銀(金)	ぼうぎん(きん)	bogin(kin)	climbing silver (gold)
方向	ほうこう	hoko	direction, course
防手	ぼうしゅ	boshu	defence move
坊主美濃	ぼうずみの	bozumino
放置する	ほうちする	hochisuru	leave (standing as it is), ignore
放る	ほうる	horu	leave (as it is)
ポカ	ぽか	poka	blunder (cock-up)
捕獲する	ほかくする	hokakusuru	capture
ほかの(他の)	ほかの	hokano	other alternative
補強する	ほきょうする	hokyosuru	strengthen
彫駒	ほりごま	horigoma	engraved pieces
掘り下げる	ほりさげる	horisageru	dig out
保留する	ほりゅうする	horyusuru	reserve, defer
本筋	ほんすじ	honsuji	the proper move
本詰、本手順	ほんずめ,ほんてじゅん	honzume,hontejun	the proper mating sequence
本戦	ほんせん	honsen	the actual (title) match
本つげ	ほんつげ	hontsuge	real Japanese boxwood
本手	ほんて	honte	the proper move
本譜	ほんぷ	hompu	this game, the game
本譜、本局	ほんぷ,ほんきょく	hompu,honkyoku	the main line, the game
ポンポン桂	ぽんぽんけい	pomponkei
本美濃囲い	ほんみのがこい	homminogakoi
ボンヤリする	ぼんやりする	bonyarisuru	be inattentive, careless
マイナス	まいなす	mainasu	minus point
負かす	まかす	makasu	defeat (v)
紛れ	まぎれ	magire	confusing move
紛れる	まぎれる	magireru	distract, mislead, confuse
負け	まけ	make	loss, defeat
負ける	まける	makeru	loss, be defeated
優る	まさる	masaru	be better
まずい	まずい	mazui	poor, bad
升田式向飛車	ますだしきむかいびしゃ	masudashikimukaibisha	Masuda Style Opposing Rook
マス目	ますめ	masume	square
間違える	まちがえる	machigaeru	make a mistake
間違った	まちがった	machigatta	mistaken, wrong
待ち望む	まちのぞむ	machinozomu	expect, look forward to
待つ	まつ	matsu	wait
まとめる	まとめる	matomeru	settle, fix (e.g. the shape)
真部流	まなべりゅう	manaberyu
間に合う	まにあう	maniau	be in time
免れる	まぬがれる	manugareru	escape from, avoid
マネ将棋	まねしょうぎ	maneshogi	mirror Shogi
マムシのと金	まむしのときん	mamushinotokin	viperous tokin, snake in the grass
守る	まもる	mamoru	defend, protect
迷い	まよい	mayoi	delusion
迷う	まよう	mayo	lose one's way, be at a loss
丸損	まるぞん	maruzon	pure loss
丸得	まるどく	marudoku	pure profit
丸山ワクチン	まるやまわくちん	maruyamawakuchin
回る （廻る）；回す	まわる;まわす	mawaru;mawasu	turn (sidewards, around) (rook)
満足	まんぞく	manzoku	satisfaction
満足な	まんぞくな	manzokuna	satisfactory, sufficient
満を持する	まんをじする	manojisuru	watch for an opportunity, be in full readiness
見当る	みあたる	miataru	notice, be found
見落す	みおとす	miotosu	miss, overlook
右	みぎ	migi	from the right
右玉	みぎぎょく	migigyoku	rightside king
右四間飛車	みぎしけんびしゃ	migishikembisha	Right Side Fourth File Rook
右四間飛車	みぎしけんびしゃ	migishikembisha
右矢倉	みぎやぐら	migiyagura
見切る	みきる	mikiru	abandon
見事な	みごとな	migotona	beautiful
ミス	みす	misu	a miss, oversight, failure
見捨てる	みすてる	misuteru	abandon, forsake
見せる	みせる	miseru	threaten (to take a piece; to play)
見損なう	みそこなう	misokonau	miss, misjudge
見出す	みだす	midasu	discover, find out
乱す；乱る	みだす;みだる	midasu;midaru	put in disorder, tear apart
乱れる	みだれる	midareru	be disorganized, be torn apart
見つかる；見つける	みつかる;みつける	mitsukaru;mitsukeru	be found, discovered; find, discover (vi; vt)
水無瀬	みなせ	minase	minase
美濃囲い	みのがこい	minogakoi	Mino castle
美濃囲い	みのがこい	minogakoi
見逃す	みのがす	minogasu	overlook, let pass
実る	みのる	minoru	bear fruit, be successful
妙技	みょうぎ	myogi	beautiful technique
妙手	みょうしゅ	myoshu	splendid, brilliant move
ミレニアム	みれにあむ	mireniamu
向飛車	むかいびしゃ	mukaibisha	Opposing Rook
向飛車	むかいびしゃ	mukaibisha
向う	むかう	mukau	confront, oppose
迎え撃つ	むかえうつ	mukaeutsu	ambush, await and attack the approaching enemy
迎える	むかえる	mukaeru	wellcome
無視する	むしする	mushisuru	ignore, disregard
難しい	むずかしい	muzukashii	difficult
無駄合い	むだあい	mudaai	wasting block
ムダ(無駄)な	むだな	mudana	futile
ムチャクチャな	むちゃくちゃな	muchakuchana	crazy, disordered
無敵囲い	むてきかこい	mutekikakoi
無謀な	むぼうな	mubona	reckless, thoughtless
無用な	むような	muyona	not necessary, no use, futile
無理筋	むりすじ	murisuji	unreasonable move
無利な	むりな	murina	unprofitable, unreasonable
ムリヤリ早石田	むりやりはやいしだ	muriyarihayaishida
無理矢理矢倉	むりやりやぐら	muriyariyagura
無力な	むりょくな	muryokuna	powerless, impotent
名人戦	めいじんせん	meijinsen	-1937
名誉名人	めいよめいじん	meiyomeijin	honorary meijin
迷惑	めいわく	meiwaku	trouble
目がくらむ	めがくらむ	megakuramu	be blinded by
目障りな	めざわりな	mezawarina	very ugly
メチャクチャな	めちゃくちゃな	mechakuchana	unreasonable, incoherent
メリケン向飛車	めりけんむかいびしゃ	merikemmukaibisha
面倒	めんどう	mendo	trouble
面倒な	めんどうな	mendona	troublesome, difficult, unpleasant
猛攻	もうこう	moko	wild, furious attack
盲点	もうてん	moten	blind spot
目的、的	もくてき,まと	mokuteki,mato	aim, object
目標	もくひょう	mokuhyo	target
持駒、手駒	もちごま,てごま	mochigoma,tegoma	pieces in hand
持駒、手駒	もちごま,てごま	mochigoma,tegoma	pieces in hand
持ち時間	もちじかん	mochijikan	available time
勿論負け	もちろんまけ	mochirommake	automatic loss (illegal move)
もつれ	もつれ	motsure	tangle, difficulty
もつれる	もつれる	motsureru	get tangled
求める	もとめる	motomeru	seek
戻る；戻す	もどる;もどす	modoru;modosu	return (vi; vt)
模様	もよう	moyo	pattern, structure, situation
盛上	もりあげ	moriage	intaglio repeatedly filled with lacquer
盛り上げる	もりあげる	moriageru	build up (high)
盛り上げる	もりあげる	moriageru	build up (high) (vt)
森下システム	もりしたしすてむ	morishitashisutemu
森安流袖飛車穴熊	もりやすりゅうそでびしゃあなぐま	moriyasuryusodebishaanaguma
森安流棒玉穴熊	もりやすりゅうぼうぎょくあなぐま	moriyasuryubogyokuanaguma	Moriyasu Style Climbing King Bear in the Hole
もろい	もろい	moroi	vulnerable, fragile
問、問題	もん,もんだい	mon,mondai	problem
問題図	もんだいず	mondaizu	problem diagram
矢倉（戦法）	やぐら(せんぽう)	yagura(sempo)	Yagura (opening) (yagura, arrow depository)
矢倉穴熊	やぐらあなぐま	yaguraanaguma
矢倉囲い	やぐらがこい	yaguragakoi	Yagura Castle
矢倉腰掛銀	やぐらこしかけぎん	yagurakoshikakegin	Yagura Reclining Silver
矢倉中飛車	やぐらなかびしゃ	yaguranakabisha	Yagura Central Rook
矢倉中飛車	やぐらなかびしゃ	yaguranakabisha
矢倉流中飛車	やぐらりゅうなかびしゃ	yaguraryunakabisha
やさしい	やさしい	yasashii	easy
厄介(千万)	やっかい(せんばん)	yakkai(semban)	(ten million) difficulties
厄介な	やっかいな	yakkaina	troublesome
やぶえびになる	やぶえびになる	yabuebininaru	boomerang, rebound
破る	やぶる	yaburu	break, destroy; defeat
敗る	やぶる	yaburu	defeat (vt)
山田定跡	やまだじょうせき	yamadajoseki
山田流	やまだりゅう	yamadaryu	Yamada System
柔らかい、軟らかい	やわらかい	yawarakai	gentle, flexible
有効な	ゆうこうな	yukona	effective
優勝	ゆうしょう	yusho	championship
優勝者	ゆうしょうしゃ	yushosha	winner, champion
優勝を飾る	ゆうしょうをかざる	yushokazaru	win the championship
優勢	ゆうせい	yusei	better position, better prospects, advantage
優勢	ゆうせい	yusei	better position
有段者	ゆうだんしゃ	yudansha	dan player
誘導する	ゆうどうする	yudosuru	induce, entice
猶予	ゆうよ	yuyo	delay, postponement
有利	ゆうり	yuri	advantage, profit
有利な	ゆうりな	yurina	profitable, advantageous
有力な	ゆうりょくな	yuryokuna	powerful
優劣	ゆうれつ	yuretsu	superiority and inferiority, better and/or worse
緩い	ゆるい	yurui	weak, slack
許す	ゆるす	yurusu	permit, allow
緩む	ゆるむ	yurumu	be weak
良い、いい	よい,いい	yoi,ii	good
用意	ようい	yoi	care, preparation
用意する	よういする	yoisuru	prepare, take care
要所	ようしょ	yosho	important,strategical point
用心	ようしん	yoshin	care, caution
用心な	ようじんな	yojinna	careful
様子	ようす	yosu	situation, circumstance
様子を見る	ようすをみる	yosuomiru	sound out the situation, see how the opponent will react
陽動作戦	ようどうさくせん	yodosakusen	feint strategy
陽動振り飛車	ようどうふりびしゃ	yodofuribisha
欲張る	よくばる	yokubaru	be covetous, be greedy
欲望	よくぼう	yokubo	desire, appetite
避ける	よける,さける	yokeru,sakeru	prevent, avoid, dodge
横効き(横利き)	よこぎき	yokogiki	sideways effect, action (rook)
横歩取り	よこふどり	yokofudori	Side Pawn
余詰	よずめ	yozume	additional mate (defective problem)
寄せ	よせ	yose	getting access to the king, bringing the king near mate, (late) endgame
寄せ合い	よせあい	yoseai	mate race
寄せ切る	よせきる	yosekiru	finish off the king
寄せる	よせる	yoseru	approach the king
予戦	よせん	yosen	elimination match, primary heats
予想	よそう	yoso	expectation
予想外	よそうがい	yosogai	unexpected
予定	よてい	yotei	plan, expectation
予定通り	よていどうり	yoteidori	as expected
よどむ	よどむ	yodomu	stagnate
米長玉	よねながぎょく	yonenagagyoku	Yonenaga king (edge king)
米長矢倉	よねながやぐら	yonenagayagura	Yonenaga Yagura
読み上げの人	よみあげのひと	yomiagenohito	time keeper
読む	よむ	yomu	read; analysis, see ahead
余裕	よゆう	yoyu	opportunity, scope, room
余裕を与える	よゆうをあたえる	yoyuoataeru	give (the opponent) the opportunity to
寄り形	よりかたち	yorikatachi	near mate position
寄り筋	よりすじ	yorisuji	endgame tesuji (bringing the king near mate)
寄	よる	yoru	moves sideways (horizontal)
寄る	よる	yoru	move sideways; approach the king, bring the king near mate
弱い	よわい	yowai	weak
弱気	よわき	yowaki	fearfulness, weak spirit
弱まる；弱める	よわまる;よわめる	yowamaru;yowameru	become weaker; weaken, undermine (vi; vt)
弱る	よわる	yowaru	weaken
４五歩早仕掛け	よんごおふはやじかけ	yongofuhayajikake
４→３戦法	よんさんせんぽう	yonsansempo
四手角	よんてかく	yontekaku	the 4-Move Bishop (7i-6h-5i-2f)
４手目３三角戦法	よんてめさんさんかくせんぽう	yontemesansankakusempo
四枚美濃	よんまいみの	yommaimino	Four Generals Mino
４六銀３七桂戦法	よんろくぎんさんななけいせんぽう	yonrokuginsannanakeisempo
４六金戦法	よんろくきんせんぽう	yonrokukinsempo
４六銀左急戦	よんろくぎんひだりきゅうせん	yonrokuginhidarikyusen
４六銀右急戦	よんろくぎんみぎきゅうせん	yonrokugimmigikyusen
ライン	らいん	rain	line
裸玉	らぎょく(はだかぎょく)	ragyoku(hadakagyoku)	naked king
楽勝、快勝	らくしょう,かいしょう	rakusho,kaisho	easy, quick victory
乱戦	らんせん	ransen	wild, rough game
乱暴	らんぼう	rambo	violence
理解	りかい	rikai	understanding
理想	りそう	riso	ideal
理想型	りそうけい	risokei	ideal shape
立派な	りっぱな	rippana	excellent
利点	りてん	riten	advantage
理由	りゆう	riyu	reason
留意	りゅうい	ryui	serious consideration
竜王、竜	りゅうおう,りゅう	ryuo,ryu	Dragon (Dragon King), promoted rook
竜王戦	りゅうおうせん	ryuosen	(first held in 1988) (Ryuo...Kio are the seven major titles)
竜馬、馬	りゅうま,うま	ryuma,uma	Horse (Dragon Horse), promoted bishop
両王手	りょうおうて	ryote	double check
両取り	りょうとり	ryotori	fork
リレー将棋	りれえしょうぎ	rireeshogi	relay Shogi
理論	りろん	riron	theory
類似作	るいじさく	ruijisaku	similar problem (strongly resembling an existing problem)
冷静な	れいせいな	reiseina	cool, cold-blooded
レグスペ	れぐすぺ	regusupe
レディース.オーペン.トーナメント	れぢいすおうぷんとうなめんと	rejiisuopuntonamento	Ladies Open Tournament (1987)
劣勢	れっせい	ressei	inferior position
劣勢	れっせい	ressei	worse position
練習対局	れんしゅうたいきょく	renshutaikyoku	practise game
連勝	れんしょう	rensho	winning streak
連続	れんぞく	renzoku	succession, series
連続王手	れんぞくおうて	renzokuote	successive checks
連打	れんだ	renda	successive drops
連打の歩	れんだのふ	rendanofu	successive (striking) pawn drops
連絡	れんらく	renraku	connection (between pieces)
連絡がつく	れんらくがつく	renrakugatsuku	connect
連絡の（ない）	れんらくの(ない)	renrakuno(nai)	(un)connected
６筋位取り	ろくすじくらいどり	rokusujikuraidori
若手	わかて	wakate	young player
分かる	わかる	wakaru	be clear; understand
岐れ道；分かれ道	わかれみち	wakaremichi	crossroads, branch, variation
分かれ目	わかれめ	wakareme	turning point
分かれる	わかれる	wakareru	divide (into)
脇(の下)	わき(のした)	waki(noshita)	armpits
脇システム	わきしすてむ	wakishisutemu
技	わざ	waza	technique; art; skill
煩う	わずらう	wazurau	have trouble
渡す	わたす	watasu	hand over (pieces or the initiative)
罠	わな	wana	trap
ワナにかける	わなにかける	wananikakeru	trap
ワナ（罠）にはまる	わなにはまる	wananihamaru	walk into a trap
割打ち	わりうち	wariuchi	stab-in-the-back
割打の銀	わりうちのぎん	wariuchinogin	stab-in-the-back
悪い	わるい	warui	bad
腕力	わんりょく	wanryoku	brute force. muscle
n枚の囲い			n general castle
9✖9			9 per 9 squares
